"","ID","TimeS","Month","Usable","Rock_per","DNR","Soil_per","Soil_type","Vegetation_per","Vegetation_height","DNV","DNV_height","Concealment","Set","LocationN","LocationE","N","Y"
"64","CA52",15,"May","",100,0,0,"Gravel_allu",0,0,0.7,0.5,"Over_50","Test",30.73326,104.99224,0.624,0.376
"65","CA53",18,"May","",100,0,0,"Gravel_allu",0,0,0.5,0.6,"Over_50","Test",30.78014,104.98585,0.556,0.444
"66","CA54",11,"Oct","",40,0,60,"Gravel_allu",0,0,0.75,0.4,"Less_50","Test",30.77256,105.02015,0.774,0.226
"67","CA57",20,"Jul","",20,0,80,"Gravel_allu",0,0,0.6,0.2,"0","Test",30.76977,105.02154,0.626,0.374
"68","CA60",12,"Oct","",50,0,50,"Gravel_allu",0,0,0.75,0.3,"Over_50","Test",30.71345,104.97089,0.78,0.22
"69","CA61",12,"May","",100,0,0,"Gravel_allu",0,0,0.7,0.5,"Over_50","Test",30.73058,104.99021,0.554,0.446
"70","CA62",7,"May","",90,0,10,"Gravel_allu",0,0,1,1,"Over_50","Test",30.73272,104.98869,0.65,0.35
"71","CA62",11,"Sep","",90,0,10,"Gravel_allu",0,0,0.6,0.3,"Over_50","Test",30.73256,104.98865,0.728,0.272
"72","CA62",18,"May","",90,0,10,"Gravel_allu",0,0,1,1,"Over_50","Test",30.73275,104.98868,0.574,0.426
"73","CA62",18,"May","",90,0,10,"Gravel_allu",0,0,1,1,"Over_50","Test",30.73275,104.9887,0.574,0.426
"74","CA63",10,"Jul","",100,0,0,"Gravel_allu",0,0,0.6,0.5,"Over_50","Test",30.77313,105.0134,0.492,0.508
"75","CA63",21,"May","",30,0,70,"Gravel_allu",0,0,1,0.2,"0","Test",30.77431,105.01296,0.828,0.172
"76","CA64",8,"Apr","",90,0,10,"Gravel_allu",0,0,0.5,0.3,"Over_50","Test",30.73586,104.97804,0.442,0.558
"77","CA64",11,"Oct","",100,0,0,"Gravel_allu",0,0,0.6,0.3,"Over_50","Test",30.73608,104.97803,0.81,0.19
"78","CA64",16,"Sep","",100,0,0,"Gravel_allu",0,0,0.7,1,"Over_50","Test",30.72906,104.98164,0.762,0.238
"79","CA65",11,"Apr","",100,0,0,"Gravel_allu",0,0,0.7,0.7,"Over_50","Test",30.74438,105.01018,0.46,0.54
"80","CA65",16,"Apr","",40,0,60,"Gravel_allu",0,0,0.5,0.4,"Over_50","Test",30.74517,105.00977,0.338,0.662
"81","CA65",17,"Apr","",100,0,0,"Gravel_allu",0,0,0.7,0.7,"Over_50","Test",30.74437,105.01012,0.42,0.58
"82","CA66",10,"Apr","",100,0,0,"Gravel_allu",0,0,0.7,0.4,"Over_50","Test",30.73117,104.98763,0.584,0.416
"83","CA66",16,"Apr","",100,0,0,"Gravel_allu",0,0,0.6,0.4,"Over_50","Test",30.7306,104.98759,0.412,0.588
"84","CA66",18,"Aug","",100,0,0,"Gravel_allu",0,0,0.5,0.6,"Over_50","Test",30.72761,104.98422,0.508,0.492
"85","CA67",17,"Jun","",100,0,0,"Gravel_allu",0,0,1,0.4,"Over_50","Test",30.78715,104.98792,0.372,0.628
"86","CA67",22,"Aug","",30,0,70,"Gravel_allu",0,0,0.6,0.5,"0","Test",30.78679,104.98804,0.738,0.262
"87","CA68",15,"Apr","",50,0,50,"Gravel_allu",0,0,0.7,0.3,"Over_50","Test",30.73894,104.98573,0.33,0.67
"88","CA69",19,"Sep","",100,0,0,"Gravel_allu",0,0,0.7,0.3,"Over_50","Test",30.77419,105.01284,0.666,0.334
"89","CA70",8,"May","",40,0,60,"Gravel_allu",0,0,0.6,0.2,"0","Test",30.77322,105.01662,0.628,0.372
"90","CA70",12,"Apr","",100,0,0,"Gravel_allu",0,0,0.7,0.4,"Over_50","Test",30.77177,105.01511,0.406,0.594
"91","CA70",15,"Apr","",100,0,0,"Gravel_allu",0,0,0.7,0.3,"Over_50","Test",30.77094,105.01578,0.382,0.618
"92","CA70",21,"Jul","",100,0,0,"Gravel_allu",0,0,3.5,1.5,"0","Test",30.77162,105.01714,0.602,0.398
"93","CA72",14,"Apr","",80,0,20,"Gravel_allu",0,0,0.6,0.3,"Over_50","Test",30.72854,104.9893,0.428,0.572
"94","CA72",17,"Apr","",80,0,20,"Gravel_allu",0,0,0.6,0.3,"Over_50","Test",30.72851,104.9893,0.45,0.55
"95","CA72",20,"Aug","",100,0,0,"Gravel_allu",0,0,0.5,0.3,"Over_50","Test",30.73315,104.98915,0.588,0.412
"96","CA73",8,"Jul","",100,0,0,"Gravel_allu",0,0,0.5,0.6,"Over_50","Test",30.73159,104.98477,0.614,0.386
"97","CA73",19,"Jul","",40,0,60,"Gravel_allu",0,0,0.6,0.5,"Over_50","Test",30.73184,104.98475,0.606,0.394
"98","CA74",11,"May","",100,0,0,"Gravel_allu",0,0,0.8,0.4,"Over_50","Test",30.73582,105.0034,0.606,0.394
"99","CA74",11,"Apr","",100,0,0,"Gravel_allu",0,0,0.7,1,"Less_50","Test",30.73599,105.00376,0.466,0.534
"100","CA76",11,"May","",100,0,0,"Gravel_allu",0,0,0.6,0.6,"Over_50","Test",30.78712,105.98831,0.608,0.392
"101","CA76",12,"Apr","",100,0,0,"Gravel_allu",0,0,0.8,0.3,"Over_50","Test",30.74439,105.01237,0.402,0.598
"102","CA66",20,"Jun","",0,0.5,100,"Gravel_allu",0,0,0.6,0.3,"0","Test",30.73028,104.98376,0.432,0.568
"103","CA57",18,"Aug","",0,0.6,100,"Gravel_allu",0,0,0.7,0.4,"0","Test",30.77667,105.03175,0.562,0.438
"104","CA65",19,"Aug","",0,0.6,100,"Gravel_allu",0,0,0.6,0.3,"0","Test",30.74453,105.00751,0.59,0.41
"105","CA66",21,"Jun","",0,0.6,100,"Gravel_allu",0,0,1,0.3,"0","Test",30.73008,104.98395,0.506,0.494
"106","CA54",20,"Jul","",0,0.7,100,"Gravel_allu",0,0,0.6,1,"0","Test",30.77374,105.02415,0.546,0.454
"107","CA68",9,"Jun","",0,1,100,"Gravel_allu",0,0,1.5,0.8,"0","Test",30.73647,104.98302,0.494,0.506
"108","CA68",18,"Aug","",0,1,100,"Gravel_allu",0,0,0.7,0.3,"0","Test",30.73699,104.98708,0.562,0.438
"109","CA68",8,"Apr","",0,1.2,100,"Gravel_allu",0,0,0.8,1,"0","Test",30.73767,104.98401,0.574,0.426
"110","CA54",0,"Sep","",0,1.25,100,"Gravel_allu",0,0,0.75,0.25,"0","Test",30.77256,105.01958,0.514,0.486
"111","CA55",22,"Sep","",0,2,100,"Gravel_allu",0,0,2,3,"0","Test",30.7279,104.97175,0.934,0.066
"112","CA59",22,"Jun","",0,2,100,"Gravel_allu",0,0,0.5,0.3,"0","Test",30.77573,105.01608,0.518,0.482
"113","CA61",23,"Jun","",0,2,100,"Gravel_allu",0,0,0.5,0.3,"0","Test",30.731,104.9898,0.41,0.59
"114","CA62",0,"Sep","",0,2,100,"Gravel_allu",0,0,0.6,1,"Less_50","Test",30.73266,104.98933,0.728,0.272
"115","CA64",20,"May","",0,2,100,"Gravel_allu",0,0,0.8,0.6,"0","Test",30.72949,104.97817,0.856,0.144
"116","CA66",18,"Sep","",0,2,100,"Gravel_allu",0,0,0.6,0.5,"0","Test",30.73029,104.98427,0.788,0.212
"117","CA66",19,"Jul","",0,2,100,"Gravel_allu",0,0,0.6,0.3,"0","Test",30.73102,104.98582,0.492,0.508
"118","CA57",8,"May","",0,2.5,100,"Gravel_allu",0,0,0.5,0.1,"0","Test",30.7708,105.0207,0.63,0.37
"119","CA61",21,"May","",0,2.5,100,"Gravel_allu",0,0,0.5,1.7,"Less_50","Test",30.73104,104.98959,0.852,0.148
"120","CA62",9,"Apr","",0,2.5,100,"Gravel_allu",0,0,0.8,0.7,"0","Test",30.73268,104.98863,0.638,0.362
"121","CA68",20,"May","",0,2.5,100,"Gravel_allu",0,0,0.5,0.2,"0","Test",30.73929,104.98537,0.838,0.162
"122","CA52",11,"Oct","",0,4,100,"Gravel_allu",0,0,1,0.3,"0","Test",30.73392,104.99106,0.66,0.34
"123","CA52",21,"Sep","",0,5,100,"Gravel_allu",0,0,0.75,1,"0","Test",30.73395,104.99265,0.944,0.056
"124","CA58",22,"Jul","",0,5,100,"Gravel_allu",0,0,0.7,0.8,"Less_50","Test",30.73214,104.98878,0.592,0.408
"125","CA63",10,"Aug","",0,7,100,"Gravel_allu",0,0,0.7,0.7,"0","Test",30.77141,105.01009,0.536,0.464
"126","CA57",22,"Jun","",0,10,100,"Gravel_allu",0,0,0.6,0.2,"0","Test",30.77121,105.02298,0.426,0.574
"127","CA59",17,"Jun","",0,10,100,"Gravel_allu",0,0,0.7,0.3,"Over_50","Test",30.77694,105.01843,0.21,0.79
"128","CA52",1,"Jul","",0,20,100,"Gravel_allu",0,0,1.5,0.75,"0","Test",30.73191,104.99136,0.086,0.914
"129","CA52",22,"Jun","",0,100,100,"Gravel_allu",0,0,1,0.5,"0","Test",30.72991,104.99043,0.652,0.348
"130","CA53",0,"Jun","",0,100,100,"Gravel_allu",0,0,0.6,0.2,"0","Test",30.78322,104.98434,0.25,0.75
"131","CA56",17,"Aug","",0,100,100,"Gravel_allu",0,0,0.7,0.7,"0","Test",30.7282,104.97165,0.702,0.298
"132","CA57",23,"Jun","",0,100,100,"Gravel_allu",0,0,0.6,0.2,"0","Test",30.77061,105.02232,0.442,0.558
"133","CA59",21,"Sep","",0,100,100,"Gravel_allu",0,0,0.75,0.75,"0","Test",30.77554,105.01727,0.568,0.432
"134","CA63",7,"Jun","",0,100,100,"Gravel_allu",0,0,0.5,0.3,"0","Test",30.77255,105.01374,0.552,0.448
"135","CA63",9,"Jun","",0,100,100,"Gravel_allu",0,0,0.8,0.5,"Over_50","Test",30.77494,105.0155,0.624,0.376
"136","CA63",22,"May","",0,100,100,"Gravel_allu",0,0,0.7,0.3,"0","Test",30.77509,105.01595,0.86,0.14
"137","CA66",21,"Jul","",0,100,100,"Gravel_allu",0,0,0.8,1,"0","Test",30.73169,104.98636,0.474,0.526
"138","CA67",23,"Sep","",0,100,100,"Gravel_allu",0,0,0.6,0.7,"0","Test",30.78819,104.98936,0.864,0.136
"139","CA68",7,"Aug","",0,100,100,"Gravel_allu",0,0,0.6,0.7,"0","Test",30.73526,104.98357,0.454,0.546
"140","CA68",8,"Oct","",0,100,100,"Gravel_allu",0,0,0.7,0.6,"0","Test",30.73784,104.98397,0.602,0.398
"141","CA69",11,"Apr","",0,100,100,"Gravel_allu",0,0,0.7,0.3,"Over_50","Test",30.77425,105.01641,0.36,0.64
"142","CA70",21,"May","",0,100,100,"Gravel_allu",0,0,0.7,0.3,"0","Test",30.77328,105.01463,0.622,0.378
"143","CA71",7,"Jun","",0,100,100,"Gravel_allu",0,0,0.6,0.8,"0","Test",30.73097,104.98838,0.552,0.448
"144","CA71",21,"Jun","",0,100,100,"Gravel_allu",0,0,1,0.7,"0","Test",30.731,104.98959,0.498,0.502
"145","CA76",22,"Jun","",0,100,100,"Gravel_allu",0,0,0.7,0.3,"0","Test",30.74077,105.01001,0.652,0.348
"146","CA53",23,"Sep","",60,0,20,"Gravel_allu",20,0.05,0,0.05,"0","Test",30.78099,104.98499,0.528,0.472
"147","CA52",7,"Aug","",0,3,95,"Gravel_allu",5,0.05,0,0.05,"0","Test",30.73387,104.99266,0.25,0.75
"148","CA58",22,"Sep","",0,3,95,"Gravel_allu",5,0.05,0,0.05,"0","Test",30.73017,104.99021,0.826,0.174
"149","CA70",14,"Aug","",90,0,0,"Gravel_allu",10,0.1,0,0.1,"Over_50","Test",30.76949,105.00689,0.538,0.462
"163","CA67",19,"Oct","",0,1.2,95,"Gravel_allu",5,0.1,0,0.1,"0","Test",30.7871,104.98859,0.778,0.222
"164","CA55",8,"Oct","",0,20,0,"Gravel_allu",100,0.1,0,0.1,"Less_50","Test",30.72775,104.97186,0.656,0.344
"193","CA63",19,"Sep","",0,100,80,"Gravel_allu",20,0.1,0,0.1,"0","Test",30.77164,105.01144,0.632,0.368
"194","CA63",22,"Sep","",0,100,95,"Gravel_allu",5,0.1,0,0.1,"0","Test",30.7721,105.01228,0.712,0.288
"195","CA64",20,"Jun","",0,100,95,"Gravel_allu",5,0.1,0,0.1,"0","Test",30.72912,104.97778,0.444,0.556
"196","CA70",22,"Aug","",0,100,95,"Gravel_allu",5,0.1,0,0.1,"0","Test",30.77424,105.01532,0.496,0.504
"197","CA72",20,"Aug","",0,100,95,"Gravel_allu",5,0.1,0,0.1,"0","Test",30.7338,104.99127,0.338,0.662
"198","CA52",19,"Jun","",0,2,30,"Gravel_allu",70,0.15,0,0.15,"0","Test",30.73164,104.99052,0.438,0.562
"199","CA53",11,"Sep","",20,0,50,"Gravel_allu",30,0.2,0,0.2,"Over_50","Test",30.78062,104.9855,0.96,0.04
"200","CA66",9,"Oct","",20,0,70,"Gravel_allu",10,0.2,0,0.2,"0","Test",30.73094,104.98582,0.818,0.182
"201","CA67",14,"May","",40,0,40,"Gravel_allu",20,0.2,0,0.2,"Over_50","Test",30.78677,104.98902,0.4,0.6
"202","CA67",15,"Apr","",60,0,10,"Gravel_allu",20,0.2,0,0.2,"Over_50","Test",30.78468,104.98826,0.414,0.586
"203","CA64",7,"Apr","",0,0.8,95,"Gravel_allu",5,0.2,0,0.2,"Less_50","Test",30.73176,104.97887,0.358,0.642
"204","CA53",10,"Oct","",0,1,70,"Gravel_allu",30,0.2,0,0.2,"0","Test",30.78019,104.98618,0.852,0.148
"205","CA66",7,"Jun","",0,1,70,"Gravel_allu",30,0.2,0,0.2,"Less_50","Test",30.73109,104.98596,0.234,0.766
"206","CA68",7,"Sep","",0,1,98,"Gravel_allu",2,0.2,0,0.2,"0","Test",30.73724,104.98558,0.554,0.446
"207","CA68",21,"Jul","",0,1.5,80,"Gravel_allu",20,0.2,0,0.2,"0","Test",30.73964,104.9853,0.488,0.512
"208","CA68",21,"Jun","",0,1.5,90,"Gravel_allu",10,0.2,0,0.2,"0","Test",30.73708,104.9836,0.388,0.612
"225","CA58",10,"Oct","",0,3,80,"Gravel_allu",20,0.2,0,0.2,"0","Test",30.73001,104.98991,0.682,0.318
"226","CA67",18,"Sep","",0,3,90,"Gravel_allu",10,0.2,0,0.2,"0","Test",30.78865,104.98821,0.772,0.228
"227","CA57",21,"Sep","",0,5,70,"Gravel_allu",30,0.2,0,0.2,"0","Test",30.77204,105.02331,0.77,0.23
"228","CA58",20,"Aug","",0,100,95,"Gravel_allu",5,0.2,0,0.2,"0","Test",30.72907,104.99231,0.336,0.664
"229","CA58",22,"May","",0,100,90,"Gravel_allu",10,0.2,0,0.2,"0","Test",30.72994,104.99059,0.72,0.28
"230","CA62",20,"Aug","",0,100,90,"Gravel_allu",10,0.2,0,0.2,"Less_50","Test",30.73255,104.98935,0.342,0.658
"231","CA63",20,"Aug","",0,100,80,"Gravel_allu",20,0.2,0,0.2,"0","Test",30.77127,105.01134,0.312,0.688
"232","CA76",19,"May","",0,100,90,"Gravel_allu",10,0.2,0,0.2,"0","Test",30.74207,105.01121,0.616,0.384
"233","CA54",22,"Aug","",0,1.25,80,"Gravel_allu",20,0.25,0,0.25,"0","Test",30.77455,105.02017,0.568,0.432
"234","CA52",23,"Jun","",0,10,20,"Gravel_allu",80,0.25,0,0.25,"Less_50","Test",30.73168,104.99075,0.358,0.642
"235","CA52",23,"Jun","",0,100,80,"Gravel_allu",20,0.25,0,0.25,"0","Test",30.7322,104.9912,0.422,0.578
"236","CA52",8,"Sep","",70,0,15,"Gravel_allu",25,0.3,0,0.3,"Over_50","Test",30.73454,104.99449,0.92,0.08
"237","CA54",14,"Oct","",50,0,10,"Gravel_allu",40,0.3,0,0.3,"Over_50","Test",30.77225,105.02022,0.418,0.582
"238","CA62",14,"Apr","",40,0,30,"Gravel_allu",30,0.3,0,0.3,"Over_50","Test",30.73322,104.98896,0.434,0.566
"239","CA62",15,"Aug","",70,0,20,"Gravel_allu",10,0.3,0,0.3,"Over_50","Test",30.7331,104.98949,0.494,0.506
"240","CA66",13,"Apr","",80,0,10,"Gravel_allu",10,0.3,0,0.3,"Over_50","Test",30.73122,104.98768,0.438,0.562
"241","CA67",10,"Apr","",20,0,10,"Gravel_allu",70,0.3,0,0.3,"Over_50","Test",30.78481,104.98844,0.63,0.37
"242","CA69",21,"Jul","",20,0,70,"Gravel_allu",10,0.3,0,0.3,"0","Test",30.77389,105.01488,0.546,0.454
"243","CA74",16,"Apr","",70,0,20,"Gravel_allu",10,0.3,0,0.3,"Over_50","Test",30.73514,105.0009,0.448,0.552
"244","CA63",20,"Jul","",0,1,50,"Gravel_allu",50,0.3,0,0.3,"Over_50","Test",30.77302,105.01304,0.746,0.254
"245","CA71",22,"Oct","",0,1,70,"Gravel_allu",30,0.3,0,0.3,"Less_50","Test",30.7287,104.98759,0.88,0.12
"246","CA66",21,"Jun","",0,1.3,90,"Gravel_allu",10,0.3,0,0.3,"0","Test",30.73201,104.98592,0.4,0.6
"247","CA52",12,"Oct","",0,1.5,60,"Gravel_allu",40,0.3,0,0.3,"Less_50","Test",30.73425,104.99026,0.824,0.176
"248","CA54",19,"Sep","",0,1.5,80,"Gravel_allu",20,0.3,0,0.3,"Less_50","Test",30.77369,105.0208,0.722,0.278
"249","CA64",18,"Aug","",0,1.5,70,"Gravel_allu",30,0.3,0,0.3,"Less_50","Test",30.7297,104.97788,0.502,0.498
"250","CA60",10,"Oct","",0,2,50,"Gravel_allu",50,0.3,0,0.3,"Over_50","Test",30.71368,104.97082,0.908,0.092
"251","CA62",10,"Apr","",0,2,60,"Gravel_allu",40,0.3,0,0.3,"Over_50","Test",30.73269,104.98962,0.65,0.35
"252","CA66",22,"Jun","",0,2,80,"Gravel_allu",20,0.3,0,0.3,"0","Test",30.73034,104.98645,0.388,0.612
"253","CA68",9,"Sep","",0,2,90,"Gravel_allu",10,0.3,0,0.3,"0","Test",30.73697,104.98337,0.786,0.214
"254","CA70",17,"Jul","",0,2,40,"Gravel_allu",60,0.3,0,0.3,"Less_50","Test",30.77246,105.01657,0.224,0.776
"255","CA59",22,"May","",0,2.5,90,"Gravel_allu",10,0.3,0,0.3,"0","Test",30.77732,105.01867,0.764,0.236
"256","CA52",20,"May","",0,3,90,"Gravel_allu",10,0.3,0,0.3,"Less_50","Test",30.73144,104.99007,0.642,0.358
"257","CA59",19,"Jun","",0,4,90,"Gravel_allu",10,0.3,0,0.3,"0","Test",30.77802,105.01895,0.34,0.66
"258","CA68",9,"Oct","",0,4,70,"Gravel_allu",30,0.3,0,0.3,"Less_50","Test",30.73806,104.98437,0.858,0.142
"259","CA73",8,"Jun","",0,5,60,"Gravel_allu",40,0.3,0,0.3,"Less_50","Test",30.73133,104.98182,0.65,0.35
"260","CA64",20,"Jun","",0,10,80,"Gravel_allu",20,0.3,0,0.3,"0","Test",30.72909,104.98046,0.4,0.6
"261","CA53",18,"Jul","",0,100,70,"Gravel_allu",30,0.3,0,0.3,"Less_50","Test",30.78237,104.98485,0.404,0.596
"262","CA57",9,"May","",0,100,80,"Gravel_allu",20,0.3,0,0.3,"Less_50","Test",30.77032,105.02235,0.516,0.484
"263","CA58",16,"Oct","",0,100,20,"Gravel_allu",80,0.3,0,0.3,"Over_50","Test",30.72991,104.99015,0.8,0.2
"264","CA63",13,"Jun","",0,100,0,"Gravel_allu",100,0.3,0,0.3,"Over_50","Test",30.77418,105.01318,0.422,0.578
"265","CA65",19,"Sep","",0,100,0,"Gravel_allu",100,0.3,0,0.3,"Over_50","Test",30.74494,105.00761,0.53,0.47
"266","CA66",20,"Aug","",0,100,0,"Gravel_allu",100,0.3,0,0.3,"Over_50","Test",30.72796,104.98492,0.236,0.764
"267","CA67",23,"Aug","",0,100,95,"Gravel_allu",5,0.3,0,0.3,"Less_50","Test",30.78475,104.98718,0.57,0.43
"268","CA70",21,"Jul","",0,100,90,"Gravel_allu",10,0.3,0,0.3,"0","Test",30.7739,105.01489,0.41,0.59
"269","CA70",21,"May","",0,100,80,"Gravel_allu",20,0.3,0,0.3,"0","Test",30.77334,105.0146,0.686,0.314
"270","CA52",14,"Oct","",30,0,60,"Gravel_allu",10,0.4,0,0.4,"Over_50","Test",30.73417,104.99148,0.324,0.676
"271","CA53",11,"May","",20,0,40,"Gravel_allu",40,0.4,0,0.4,"Over_50","Test",30.78018,104.98633,0.572,0.428
"272","CA61",12,"Apr","",40,0,20,"Gravel_allu",40,0.4,0,0.4,"Over_50","Test",30.72982,104.9894,0.484,0.516
"273","CA62",7,"Jun","",60,0,30,"Gravel_allu",10,0.4,0,0.4,"Over_50","Test",30.73309,104.98933,0.236,0.764
"274","CA64",12,"Oct","",60,0,0,"Gravel_allu",40,0.4,0,0.4,"Over_50","Test",30.72641,104.97812,0.9,0.1
"275","CA65",19,"Apr","",20,0,10,"Gravel_allu",70,0.4,0,0.4,"Over_50","Test",30.74487,105.01106,0.688,0.312
"276","CA66",9,"May","",10,0,20,"Gravel_allu",70,0.4,0,0.4,"Over_50","Test",30.73096,104.98631,0.526,0.474
"277","CA66",13,"May","",10,0,20,"Gravel_allu",70,0.4,0,0.4,"Over_50","Test",30.73097,104.98633,0.356,0.644
"278","CA66",19,"May","",10,0,30,"Gravel_allu",60,0.4,0,0.4,"Over_50","Test",30.73098,104.98631,0.47,0.53
"279","CA70",12,"Apr","",90,0,0,"Gravel_allu",10,0.4,0,0.4,"Over_50","Test",30.77177,105.01513,0.462,0.538
"280","CA72",1,"Sep","",30,0,10,"Gravel_allu",60,0.4,0,0.4,"0","Test",30.73312,104.98917,0.422,0.578
"281","CA64",12,"Apr","",0,0.6,50,"Gravel_allu",50,0.4,0,0.4,"Over_50","Test",30.73443,104.97811,0.498,0.502
"282","CA73",21,"Jun","",0,0.6,60,"Gravel_allu",40,0.4,0,0.4,"Over_50","Test",30.7319,104.98565,0.47,0.53
"283","CA65",19,"Jun","",0,0.7,20,"Gravel_allu",80,0.4,0,0.4,"Over_50","Test",30.7445,105.01182,0.318,0.682
"284","CA72",9,"Apr","",0,1.2,60,"Gravel_allu",40,0.4,0,0.4,"Over_50","Test",30.73867,104.98923,0.666,0.334
"285","CA65",8,"Aug","",0,1.5,70,"Gravel_allu",30,0.4,0,0.4,"0","Test",30.74314,105.01102,0.488,0.512
"286","CA58",19,"Jul","",0,3,80,"Gravel_allu",20,0.4,0,0.4,"0","Test",30.73033,104.99107,0.592,0.408
"287","CA59",22,"Jun","",0,3,60,"Gravel_allu",40,0.4,0,0.4,"0","Test",30.77752,105.01595,0.46,0.54
"288","CA62",22,"Jun","",0,3,80,"Gravel_allu",20,0.4,0,0.4,"Less_50","Test",30.73276,104.98927,0.454,0.546
"289","CA65",15,"Jun","",0,3,90,"Gravel_allu",10,0.4,0,0.4,"0","Test",30.74477,105.01143,0.108,0.892
"290","CA75",17,"Oct","",0,3,90,"Gravel_allu",10,0.4,0,0.4,"Less_50","Test",30.76408,105.0092,0.662,0.338
"291","CA65",13,"Apr","",0,5,20,"Gravel_allu",80,0.4,0,0.4,"Over_50","Test",30.74398,105.01248,0.508,0.492
"292","CA68",21,"Jun","",0,5,70,"Gravel_allu",30,0.4,0,0.4,"0","Test",30.73691,104.98396,0.416,0.584
"293","CA73",16,"Jun","",0,5,20,"Gravel_allu",80,0.4,0,0.4,"Less_50","Test",30.73202,104.98534,0.23,0.77
"299","CA53",20,"Jun","",0,100,70,"Gravel_allu",30,0.4,0,0.4,"Less_50","Test",30.78444,104.98465,0.612,0.388
"300","CA54",21,"Sep","",0,100,60,"Gravel_allu",40,0.4,0,0.4,"Less_50","Test",30.77589,105.01758,0.724,0.276
"301","CA58",22,"Aug","",0,100,80,"Gravel_allu",20,0.4,0,0.4,"0","Test",30.72983,104.99059,0.422,0.578
"302","CA63",8,"Aug","",0,100,30,"Gravel_allu",70,0.4,0,0.4,"Less_50","Test",30.77557,105.01423,0.326,0.674
"303","CA63",12,"Apr","",0,100,20,"Gravel_allu",80,0.4,0,0.4,"Over_50","Test",30.77321,105.01494,0.428,0.572
"304","CA69",19,"Oct","",0,100,70,"Gravel_allu",30,0.4,0,0.4,"Less_50","Test",30.77488,105.01739,0.662,0.338
"305","CA69",22,"Sep","",0,100,90,"Gravel_allu",10,0.4,0,0.4,"0","Test",30.77602,105.01563,0.572,0.428
"306","CA74",18,"Oct","",0,100,70,"Gravel_allu",30,0.4,0,0.4,"Less_50","Test",30.73624,104.99834,0.69,0.31
"308","CA52",19,"Aug","",40,0,30,"Gravel_allu",30,0.5,0,0.5,"Over_50","Test",30.73369,104.99121,0.532,0.468
"309","CA52",23,"Jun","",10,0,80,"Gravel_allu",10,0.5,0,0.5,"Less_50","Test",30.7335,104.99265,0.398,0.602
"310","CA53",11,"Oct","",95,0,0,"Gravel_allu",5,0.5,0,0.5,"Over_50","Test",30.78011,104.9863,0.836,0.164
"311","CA57",20,"Aug","",10,0,20,"Gravel_allu",70,0.5,0,0.5,"Over_50","Test",30.77827,105.03577,0.434,0.566
"312","CA59",11,"Oct","",5,0,5,"Gravel_allu",90,0.5,0,0.5,"Over_50","Test",30.77769,105.01659,0.952,0.048
"313","CA59",19,"Oct","",30,0,50,"Gravel_allu",20,0.5,0,0.5,"Less_50","Test",30.77703,105.01743,0.632,0.368
"314","CA66",10,"Apr","",20,0,60,"Gravel_allu",20,0.5,0,0.5,"Less_50","Test",30.73097,104.98632,0.704,0.296
"315","CA67",15,"Apr","",40,0,10,"Gravel_allu",50,0.5,0,0.5,"Over_50","Test",30.78526,104.98883,0.388,0.612
"316","CA68",19,"Jul","",40,0,10,"Gravel_allu",50,0.5,0,0.5,"Less_50","Test",30.73934,104.98653,0.726,0.274
"317","CA72",14,"Apr","",70,0,20,"Gravel_allu",10,0.5,0,0.5,"Over_50","Test",30.72852,104.98931,0.466,0.534
"329","CA61",20,"May","",0,0.7,50,"Gravel_allu",50,0.5,0,0.5,"Over_50","Test",30.73026,104.9908,0.542,0.458
"330","CA58",22,"Jun","",0,1,70,"Gravel_allu",30,0.5,0,0.5,"Over_50","Test",30.73047,104.99058,0.454,0.546
"331","CA64",9,"Jun","",0,1,50,"Gravel_allu",50,0.5,0,0.5,"Over_50","Test",30.73352,104.97726,0.672,0.328
"332","CA65",14,"Apr","",0,1,70,"Gravel_allu",30,0.5,0,0.5,"Over_50","Test",30.74472,105.01192,0.408,0.592
"333","CA65",16,"Apr","",0,1,60,"Gravel_allu",40,0.5,0,0.5,"Over_50","Test",30.74473,105.01193,0.334,0.666
"334","CA68",10,"Apr","",0,1,60,"Gravel_allu",40,0.5,0,0.5,"Over_50","Test",30.73803,104.98437,0.688,0.312
"335","CA71",22,"Jun","",0,1,90,"Gravel_allu",10,0.5,0,0.5,"0","Test",30.73109,104.9898,0.43,0.57
"336","CA61",22,"Jun","",0,1.5,60,"Gravel_allu",40,0.5,0,0.5,"Less_50","Test",30.73154,104.99073,0.534,0.466
"337","CA64",12,"Apr","",0,1.5,70,"Gravel_allu",30,0.5,0,0.5,"Over_50","Test",30.73448,104.97821,0.53,0.47
"338","CA65",17,"Oct","",0,1.5,90,"Gravel_allu",10,0.5,0,0.5,"0","Test",30.74486,105.01249,0.706,0.294
"339","CA69",19,"Sep","",0,1.5,20,"Gravel_allu",80,0.5,0,0.5,"Over_50","Test",30.77616,105.0172,0.504,0.496
"340","CA70",12,"Aug","",0,1.5,20,"Gravel_allu",80,0.5,0,0.5,"Over_50","Test",30.77045,105.00597,0.378,0.622
"341","CA64",20,"Jun","",0,2,90,"Gravel_allu",10,0.5,0,0.5,"0","Test",30.729,104.97805,0.518,0.482
"342","CA76",17,"Oct","",0,2,70,"Gravel_allu",30,0.5,0,0.5,"Over_50","Test",30.74579,105.01138,0.758,0.242
"386","CA54",6,"Aug","",0,2.5,50,"Gravel_allu",50,0.5,0,0.5,"Over_50","Test",30.7758,105.01944,0.4,0.6
"387","CA64",7,"Apr","",0,2.5,40,"Gravel_allu",60,0.5,0,0.5,"Less_50","Test",30.73423,104.97875,0.382,0.618
"388","CA66",12,"Oct","",0,2.5,50,"Gravel_allu",50,0.5,0,0.5,"Over_50","Test",30.73035,104.98633,0.86,0.14
"389","CA67",15,"Apr","",0,2.5,0,"Gravel_allu",100,0.5,0,0.5,"Over_50","Test",30.78706,104.9886,0.416,0.584
"390","CA71",14,"Aug","",0,2.5,30,"Gravel_allu",70,0.5,0,0.5,"Over_50","Test",30.73165,104.98945,0.316,0.684
"391","CA54",17,"Sep","",0,3,60,"Gravel_allu",40,0.5,0,0.5,"Over_50","Test",30.77419,105.02047,0.666,0.334
"392","CA66",14,"Oct","",0,3,30,"Gravel_allu",70,0.5,0,0.5,"Over_50","Test",30.72813,104.98322,0.37,0.63
"393","CA76",18,"May","",0,3,80,"Gravel_allu",20,0.5,0,0.5,"Less_50","Test",30.74318,105.01443,0.502,0.498
"394","CA76",21,"May","",0,4,80,"Gravel_allu",20,0.5,0,0.5,"0","Test",30.74505,105.00775,0.74,0.26
"395","CA68",16,"Sep","",0,5,40,"Gravel_allu",60,0.5,0,0.5,"Over_50","Test",30.74013,104.98644,0.746,0.254
"396","CA69",6,"Jun","",0,5,70,"Gravel_allu",30,0.5,0,0.5,"Less_50","Test",30.77431,105.01734,0.37,0.63
"397","CA69",7,"Jul","",0,5,20,"Gravel_allu",80,0.5,0,0.5,"Over_50","Test",30.776,105.01748,0.354,0.646
"398","CA71",15,"Jun","",0,5,0,"Gravel_allu",100,0.5,0,0.5,"Over_50","Test",30.7308,104.98914,0.162,0.838
"399","CA58",14,"Apr","",0,6,20,"Gravel_allu",80,0.5,0,0.5,"Over_50","Test",30.73004,104.99045,0.482,0.518
"400","CA54",16,"Sep","",0,10,60,"Gravel_allu",40,0.5,0,0.5,"Over_50","Test",30.7716,105.0172,0.634,0.366
"401","CA62",15,"Oct","",0,10,40,"Gravel_allu",60,0.5,0,0.5,"Less_50","Test",30.73203,104.98955,0.392,0.608
"402","CA52",21,"Sep","",0,15,70,"Gravel_allu",30,0.5,0,0.5,"Over_50","Test",30.73482,104.9943,0.78,0.22
"403","CA57",19,"May","",0,15,20,"Gravel_allu",80,0.5,0,0.5,"Over_50","Test",30.772,105.02281,0.436,0.564
"404","CA52",20,"Jul","",0,100,80,"Gravel_allu",20,0.5,0,0.5,"Less_50","Test",30.73506,104.99435,0.65,0.35
"405","CA52",22,"Oct","",0,100,70,"Gravel_allu",30,0.5,0,0.5,"Less_50","Test",30.73367,104.9915,0.86,0.14
"406","CA64",16,"Aug","",0,100,30,"Gravel_allu",70,0.5,0,0.5,"Over_50","Test",30.73013,104.9797,0.472,0.528
"407","CA67",12,"Aug","",0,100,20,"Gravel_allu",80,0.5,0,0.5,"Over_50","Test",30.78483,104.98721,0.396,0.604
"408","CA69",19,"Sep","",0,100,60,"Gravel_allu",40,0.5,0,0.5,"Less_50","Test",30.77423,105.01516,0.62,0.38
"409","CA69",22,"May","",0,100,60,"Gravel_allu",40,0.5,0,0.5,"Less_50","Test",30.77432,105.01808,0.624,0.376
"410","CA70",7,"Jul","",0,100,60,"Gravel_allu",40,0.5,0,0.5,"0","Test",30.7732,105.01457,0.438,0.562
"411","CA70",7,"Jul","",0,100,70,"Gravel_allu",30,0.5,0,0.5,"Over_50","Test",30.77414,105.0158,0.53,0.47
"412","CA70",19,"Oct","",0,100,80,"Gravel_allu",20,0.5,0,0.5,"Less_50","Test",30.77247,105.0152,0.624,0.376
"413","CA70",19,"Sep","",0,100,90,"Gravel_allu",10,0.5,0,0.5,"0","Test",30.77362,105.01508,0.606,0.394
"414","CA71",9,"Apr","",0,100,20,"Gravel_allu",80,0.5,0,0.5,"Over_50","Test",30.73001,104.98985,0.486,0.514
"415","CA71",9,"May","",0,100,10,"Gravel_allu",90,0.5,0,0.5,"Over_50","Test",30.73001,104.98982,0.648,0.352
"416","CA76",15,"Sep","",0,100,70,"Gravel_allu",30,0.5,0,0.5,"Less_50","Test",30.74214,105.01272,0.244,0.756
"417","CA76",19,"Jun","",0,100,70,"Gravel_allu",30,0.5,0,0.5,"Less_50","Test",30.742,105.0112,0.53,0.47
"418","CA62",19,"Aug","",40,0,10,"Gravel_allu",50,0.6,0,0.6,"Over_50","Test",30.73299,104.98881,0.516,0.484
"419","CA65",22,"Jun","",0,1,50,"Gravel_allu",50,0.6,0,0.6,"0","Test",30.74446,105.0118,0.516,0.484
"420","CA72",15,"Oct","",0,1,40,"Gravel_allu",60,0.6,0,0.6,"Over_50","Test",30.72908,104.98894,0.522,0.478
"421","CA67",23,"May","",0,2,60,"Gravel_allu",40,0.6,0,0.6,"Less_50","Test",30.78683,104.98841,0.55,0.45
"422","CA67",21,"Sep","",0,2.5,80,"Gravel_allu",20,0.6,0,0.6,"Less_50","Test",30.78766,104.98798,0.752,0.248
"423","CA69",16,"May","",0,3,20,"Gravel_allu",80,0.6,0,0.6,"Over_50","Test",30.7753,105.01801,0.478,0.522
"424","CA69",18,"Oct","",0,3,20,"Gravel_allu",80,0.6,0,0.6,"Less_50","Test",30.77273,105.01717,0.53,0.47
"425","CA56",8,"Jul","",0,4,80,"Gravel_allu",20,0.6,0,0.6,"Less_50","Test",30.72837,104.97249,0.848,0.152
"426","CA76",17,"Jun","",0,4,80,"Gravel_allu",20,0.6,0,0.6,"Over_50","Test",30.74819,105.00913,0.194,0.806
"427","CA58",14,"Apr","",0,10,0,"Gravel_allu",100,0.6,0,0.6,"Over_50","Test",30.72996,104.98998,0.464,0.536
"428","CA76",22,"Jul","",0,15,80,"Gravel_allu",20,0.6,0,0.6,"0","Test",30.74594,105.01044,0.42,0.58
"429","CA67",19,"Aug","",0,20,70,"Gravel_allu",30,0.6,0,0.6,"Over_50","Test",30.78882,104.9895,0.45,0.55
"430","CA59",1,"Aug","",0,100,60,"Gravel_allu",40,0.6,0,0.6,"Less_50","Test",30.77804,105.01825,0.28,0.72
"431","CA62",18,"Sep","",0,100,60,"Gravel_allu",40,0.6,0,0.6,"Over_50","Test",30.73133,104.9892,0.676,0.324
"432","CA63",7,"May","",0,100,30,"Gravel_allu",70,0.6,0,0.6,"Over_50","Test",30.77384,105.01343,0.72,0.28
"433","CA65",20,"Sep","",0,100,40,"Gravel_allu",60,0.6,0,0.6,"0","Test",30.74412,105.01294,0.736,0.264
"434","CA73",9,"Apr","",0,100,50,"Gravel_allu",50,0.6,0,0.6,"Over_50","Test",30.73187,104.98542,0.446,0.554
"435","CA52",14,"Sep","",80,0,0,"Gravel_allu",20,0.7,0,0.7,"Over_50","Test",30.73397,104.99401,0.506,0.494
"436","CA62",23,"Oct","",10,0,50,"Gravel_allu",40,0.7,0,0.7,"Over_50","Test",30.73316,104.98962,0.844,0.156
"437","CA67",15,"Apr","",30,0,30,"Gravel_allu",60,0.7,0,0.7,"Over_50","Test",30.78527,104.98886,0.454,0.546
"438","CA67",19,"Apr","",90,0,0,"Gravel_allu",10,0.7,0,0.7,"0","Test",30.78553,104.98884,0.66,0.34
"439","CA69",12,"Sep","",20,0,0,"Gravel_allu",80,0.7,0,0.7,"Over_50","Test",30.77721,105.01782,0.902,0.098
"440","CA62",23,"Aug","",0,1,30,"Gravel_allu",70,0.7,0,0.7,"Over_50","Test",30.73294,104.9888,0.414,0.586
"441","CA65",18,"Jun","",0,1,70,"Gravel_allu",30,0.7,0,0.7,"Over_50","Test",30.74456,105.01175,0.248,0.752
"442","CA69",22,"May","",0,1,80,"Gravel_allu",20,0.7,0,0.7,"Less_50","Test",30.77448,105.01787,0.702,0.298
"443","CA59",8,"May","",0,1.5,90,"Gravel_allu",10,0.7,0,0.7,"Less_50","Test",30.77729,105.01735,0.43,0.57
"444","CA62",10,"Sep","",0,2,90,"Gravel_allu",10,0.7,0,0.7,"Less_50","Test",30.73246,104.99005,0.646,0.354
"445","CA72",10,"Sep","",0,2,90,"Gravel_allu",10,0.7,0,0.7,"Less_50","Test",30.73246,104.99005,0.646,0.354
"446","CA73",11,"Oct","",0,2.5,30,"Gravel_allu",70,0.7,0,0.7,"Over_50","Test",30.73146,104.98553,0.972,0.028
"447","CA62",14,"Apr","",0,3,50,"Gravel_allu",50,0.7,0,0.7,"Over_50","Test",30.73273,104.98968,0.376,0.624
"448","CA73",9,"Apr","",0,5,70,"Gravel_allu",30,0.7,0,0.7,"Less_50","Test",30.73189,104.98574,0.706,0.294
"449","CA59",8,"Aug","",0,10,80,"Gravel_allu",20,0.7,0,0.7,"Over_50","Test",30.77795,105.01656,0.288,0.712
"450","CA63",8,"Jun","",0,10,90,"Gravel_allu",10,0.7,0,0.7,"0","Test",30.77283,105.01219,0.614,0.386
"451","CA65",9,"Apr","",0,100,10,"Gravel_allu",90,0.7,0,0.7,"Over_50","Test",30.74363,105.01235,0.526,0.474
"452","CA70",23,"Sep","",0,100,90,"Gravel_allu",10,0.7,0,0.7,"Less_50","Test",30.77232,105.01112,0.432,0.568
"453","CA76",18,"Jul","",0,100,30,"Gravel_allu",70,0.7,0,0.7,"Less_50","Test",30.74483,105.00662,0.324,0.676
"454","CA59",11,"Apr","",0,2,0,"Gravel_allu",100,0.75,0,0.75,"Over_50","Test",30.77796,105.01648,0.74,0.26
"455","CA56",22,"Sep","",0,100,0,"Gravel_allu",100,0.75,0,0.75,"Over_50","Test",30.72823,104.97244,0.634,0.366
"456","CA65",20,"May","",0,0.8,60,"Gravel_allu",40,0.8,0,0.8,"Over_50","Test",30.74457,105.01191,0.628,0.372
"457","CA62",22,"Jun","",0,1,70,"Gravel_allu",30,0.8,0,0.8,"Over_50","Test",30.73279,104.9892,0.382,0.618
"458","CA65",15,"Aug","",0,1,20,"Gravel_allu",80,0.8,0,0.8,"Over_50","Test",30.7442,105.01257,0.55,0.45
"459","CA58",20,"May","",0,1.5,20,"Gravel_allu",80,0.8,0,0.8,"Less_50","Test",30.7305,104.99062,0.578,0.422
"460","CA70",20,"Sep","",0,1.5,90,"Gravel_allu",10,0.8,0,0.8,"Over_50","Test",30.76936,105.00763,0.762,0.238
"461","CA57",20,"May","",0,2,70,"Gravel_allu",30,0.8,0,0.8,"Less_50","Test",30.77007,105.02192,0.572,0.428
"462","CA62",8,"Jul","",0,2,70,"Gravel_allu",30,0.8,0,0.8,"Over_50","Test",30.73149,104.98946,0.718,0.282
"463","CA63",19,"Sep","",0,2,70,"Gravel_allu",30,0.8,0,0.8,"Over_50","Test",30.77589,105.01707,0.652,0.348
"464","CA67",11,"Oct","",0,2,70,"Gravel_allu",30,0.8,0,0.8,"Over_50","Test",30.78694,104.98812,0.938,0.062
"465","CA68",7,"May","",0,2,60,"Gravel_allu",40,0.8,0,0.8,"Over_50","Test",30.7395,104.98593,0.512,0.488
"466","CA54",17,"Aug","",0,5,0,"Gravel_allu",100,0.8,0,0.8,"Over_50","Test",30.77489,105.0163,0.51,0.49
"467","CA68",19,"May","",0,5,70,"Gravel_allu",30,0.8,0,0.8,"0","Test",30.73965,104.98585,0.604,0.396
"468","CA74",10,"Apr","",0,5,70,"Gravel_allu",30,0.8,0,0.8,"Less_50","Test",30.73631,105.00354,0.712,0.288
"469","CA74",16,"Oct","",0,5,20,"Gravel_allu",80,0.8,0,0.8,"Over_50","Test",30.73221,105.00224,0.75,0.25
"470","CA64",14,"Sep","",0,7,80,"Gravel_allu",20,0.8,0,0.8,"Less_50","Test",30.7247,104.98193,0.336,0.664
"471","CA59",23,"Aug","",0,100,80,"Gravel_allu",20,0.8,0,0.8,"Less_50","Test",30.77758,105.02046,0.494,0.506
"472","CA62",22,"Jul","",0,100,80,"Gravel_allu",20,0.8,0,0.8,"Over_50","Test",30.73166,104.98969,0.544,0.456
"473","CA65",14,"Oct","",0,100,0,"Gravel_allu",100,0.8,0,0.8,"Over_50","Test",30.74324,105.00927,0.504,0.496
"474","CA67",22,"Aug","",0,100,20,"Gravel_allu",80,0.8,0,0.8,"Over_50","Test",30.73254,104.98935,0.172,0.828
"475","CA70",13,"Sep","",0,100,60,"Gravel_allu",40,0.8,0,0.8,"Over_50","Test",30.772,105.0108,0.474,0.526
"476","CA76",19,"Aug","",0,100,90,"Gravel_allu",10,0.8,0,0.8,"0","Test",30.74155,105.01222,0.302,0.698
"477","CA71",20,"Aug","",0,1,70,"Gravel_allu",30,0.9,0,0.9,"Over_50","Test",30.73009,104.98944,0.66,0.34
"478","CA67",23,"Jul","",0,2,70,"Gravel_allu",30,0.9,0,0.9,"Less_50","Test",30.78695,104.98804,0.614,0.386
"479","CA68",15,"Oct","",0,2,20,"Gravel_allu",80,0.9,0,0.9,"Less_50","Test",30.73811,104.98487,0.532,0.468
"480","CA63",18,"Oct","",0,100,50,"Gravel_allu",50,0.9,0,0.9,"Over_50","Test",30.7734,105.01379,0.612,0.388
"481","CA76",11,"Oct","",0,100,0,"Gravel_allu",100,0.9,0,0.9,"Less_50","Test",30.74602,105.00867,0.888,0.112
"482","CA74",15,"Apr","",80,0,0,"Gravel_allu",20,1,0,1,"Over_50","Test",30.73659,105.00207,0.47,0.53
"483","CA59",14,"Aug","",0,0.7,40,"Gravel_allu",60,1,0,1,"Over_50","Test",30.77534,105.01447,0.622,0.378
"484","CA59",18,"Sep","",0,0.7,20,"Gravel_allu",80,1,0,1,"Over_50","Test",30.77723,105.01523,0.354,0.646
"485","CA69",14,"Aug","",0,0.8,30,"Gravel_allu",70,1,0,1,"Over_50","Test",30.77572,105.01928,0.572,0.428
"486","CA57",18,"Jul","",0,1,0,"Gravel_allu",100,1,0,1,"Over_50","Test",30.77167,105.02321,0.284,0.716
"487","CA58",20,"Aug","",0,1,20,"Gravel_allu",80,1,0,1,"Over_50","Test",30.7319,104.9901,0.186,0.814
"488","CA57",18,"Jul","",0,1.5,20,"Gravel_allu",80,1,0,1,"Over_50","Test",30.77011,105.02452,0.276,0.724
"489","CA53",19,"Jun","",0,2,20,"Gravel_allu",80,1,0,1,"Over_50","Test",30.78446,104.98559,0.274,0.726
"490","CA63",8,"May","",0,2,20,"Gravel_allu",80,1,0,1,"Over_50","Test",30.77514,105.0163,0.592,0.408
"491","CA68",10,"Sep","",0,2,60,"Gravel_allu",30,1,0,1,"Over_50","Test",30.73666,104.98312,0.936,0.064
"492","CA62",13,"Oct","",0,2.5,10,"Gravel_allu",90,1,0,1,"Over_50","Test",30.73274,104.98961,0.496,0.504
"493","CA69",13,"Aug","",0,2.5,0,"Gravel_allu",100,1,0,1,"Over_50","Test",30.7754,105.01466,0.336,0.664
"494","CA70",13,"Apr","",0,2.5,30,"Gravel_allu",70,1,0,1,"Over_50","Test",30.77145,105.01525,0.53,0.47
"495","CA54",14,"Oct","",0,3,0,"Gravel_allu",100,1,0,1,"Over_50","Test",30.77228,105.01996,0.46,0.54
"496","CA54",16,"Oct","",0,3,0,"Gravel_allu",100,1,0,1,"Over_50","Test",30.77231,105.01994,0.754,0.246
"497","CA54",18,"Oct","",0,3,0,"Gravel_allu",100,1,0,1,"Over_50","Test",30.77228,105.01998,0.39,0.61
"498","CA63",17,"Oct","",0,3,0,"Gravel_allu",100,1,0,1,"Over_50","Test",30.77512,105.01624,0.352,0.648
"499","CA63",18,"Oct","",0,3,0,"Gravel_allu",100,1,0,1,"Over_50","Test",30.7751,105.01625,0.39,0.61
"500","CA59",19,"Jul","",0,7,80,"Gravel_allu",20,1,0,1,"Less_50","Test",30.7759,105.01694,0.604,0.396
"501","CA53",18,"Aug","",0,100,0,"Gravel_allu",100,1,0,1,"Over_50","Test",30.78678,104.9862,0.302,0.698
"502","CA53",22,"Jun","",0,100,80,"Gravel_allu",20,1,0,1,"Over_50","Test",30.78541,104.98407,0.276,0.724
"503","CA53",23,"Jul","",0,100,0,"Gravel_allu",100,1,0,1,"Over_50","Test",30.78524,104.98454,0.172,0.828
"504","CA56",16,"Aug","",0,100,50,"Gravel_allu",0,1,0,1,"Over_50","Test",30.72736,104.97127,0.428,0.572
"505","CA58",12,"Apr","",0,100,10,"Gravel_allu",90,1,0,1,"Over_50","Test",30.73008,104.99017,0.402,0.598
"506","CA62",13,"Jul","",0,100,60,"Gravel_allu",40,1,0,1,"Over_50","Test",30.73125,104.98956,0.448,0.552
"507","CA63",13,"Apr","",0,100,30,"Gravel_allu",70,1,0,1,"Over_50","Test",30.77184,105.01164,0.49,0.51
"508","CA63",19,"Oct","",0,100,50,"Gravel_allu",50,1,0,1,"Over_50","Test",30.77582,105.01691,0.532,0.468
"509","CA65",8,"Oct","",0,100,0,"Gravel_allu",100,1,0,1,"Over_50","Test",30.74498,105.00724,0.848,0.152
"510","CA68",11,"Aug","",0,100,20,"Gravel_allu",80,1,0,1,"Over_50","Test",30.73661,104.98127,0.502,0.498
"511","CA68",17,"Aug","",0,100,50,"Gravel_allu",50,1,0,1,"Over_50","Test",30.73697,104.98348,0.51,0.49
"512","CA69",9,"Aug","",0,100,10,"Gravel_allu",90,1,0,1,"Over_50","Test",30.77562,105.01425,0.326,0.674
"513","CA69",14,"Apr","",0,100,20,"Gravel_allu",80,1,0,1,"Over_50","Test",30.77451,105.01694,0.506,0.494
"514","CA69",22,"Jul","",0,100,90,"Gravel_allu",10,1,0,1,"Less_50","Test",30.77615,105.0168,0.556,0.444
"515","CA58",20,"Aug","",0,2,20,"Gravel_allu",80,1.2,0,1.2,"Over_50","Test",30.73129,104.9892,0.158,0.842
"516","CA70",15,"Jul","",0,2,20,"Gravel_allu",80,1.2,0,1.2,"Over_50","Test",30.77404,105.01509,0.34,0.66
"517","CA64",21,"Jul","",0,2.5,20,"Gravel_allu",80,1.2,0,1.2,"Over_50","Test",30.73092,104.97916,0.332,0.668
"518","CA67",22,"Sep","",0,3,20,"Gravel_allu",80,1.2,0,1.2,"Over_50","Test",30.78359,104.98405,0.678,0.322
"519","CA69",11,"Aug","",0,3,0,"Gravel_allu",100,1.2,0,1.2,"Over_50","Test",30.77262,105.01637,0.424,0.576
"520","CA70",17,"Apr","",0,4,20,"Gravel_allu",80,1.2,0,1.2,"Over_50","Test",30.77202,105.01497,0.572,0.428
"521","CA73",15,"Apr","",0,5,0,"Gravel_allu",100,1.2,0,1.2,"Over_50","Test",30.7315,104.98509,0.46,0.54
"522","CA63",12,"Apr","",0,100,50,"Gravel_allu",50,1.2,0,1.2,"Over_50","Test",30.77323,105.01406,0.45,0.55
"523","CA67",21,"Jul","",0,100,50,"Gravel_allu",50,1.2,0,1.2,"Over_50","Test",30.78713,104.98803,0.632,0.368
"524","CA69",11,"Apr","",0,100,40,"Gravel_allu",60,1.2,0,1.2,"Less_50","Test",30.7736,105.01594,0.6,0.4
"525","CA69",20,"Sep","",0,100,60,"Gravel_allu",40,1.2,0,1.2,"Over_50","Test",30.7735,105.01609,0.704,0.296
"526","CA76",9,"Sep","",0,100,0,"Gravel_allu",100,1.2,0,1.2,"Over_50","Test",30.74242,105.00971,0.928,0.072
"527","CA76",14,"Sep","",0,100,0,"Gravel_allu",100,1.2,0,1.2,"Over_50","Test",30.74644,105.00892,0.632,0.368
"528","CA65",16,"Aug","",70,0,20,"Gravel_allu",10,1.3,0,1.3,"Over_50","Test",30.7439,105.01116,0.608,0.392
"529","CA70",14,"Aug","",0,2,70,"Gravel_allu",30,1.3,0,1.3,"Over_50","Test",30.77315,105.01342,0.298,0.702
"530","CA66",15,"Sep","",0,5,20,"Gravel_allu",80,1.3,0,1.3,"Over_50","Test",30.72946,104.98599,0.706,0.294
"531","CA59",13,"Jul","",0,100,50,"Gravel_allu",50,1.3,0,1.3,"Over_50","Test",30.77566,105.01716,0.41,0.59
"532","CA65",17,"Sep","",0,100,0,"Gravel_allu",100,1.3,0,1.3,"Over_50","Test",30.74579,105.00833,0.328,0.672
"533","CA66",16,"Jun","",0,100,40,"Gravel_allu",60,1.3,0,1.3,"Over_50","Test",30.73136,104.98604,0.444,0.556
"534","CA64",19,"Aug","",0,2,0,"Gravel_allu",100,1.4,0,1.4,"Over_50","Test",30.72509,104.98362,0.22,0.78
"535","CA62",20,"Aug","",0,100,20,"Gravel_allu",80,1.4,0,1.4,"Over_50","Test",30.73238,104.9894,0.166,0.834
"536","CA71",9,"Jul","",0,100,40,"Gravel_allu",60,1.4,0,1.4,"Over_50","Test",30.73088,104.98901,0.6,0.4
"537","CA72",20,"Aug","",0,100,20,"Gravel_allu",80,1.4,0,1.4,"Over_50","Test",30.73238,104.9894,0.166,0.834
"538","CA76",14,"Sep","",0,100,0,"Gravel_allu",100,1.4,0,1.4,"Over_50","Test",30.74624,105.00893,0.548,0.452
"539","CA76",17,"Oct","",0,100,0,"Gravel_allu",100,1.4,0,1.4,"Over_50","Test",30.74578,105.00846,0.308,0.692
"540","CA67",15,"Oct","",20,0,0,"Gravel_allu",80,1.5,0,1.5,"Over_50","Test",30.79211,104.99302,0.744,0.256
"541","CA72",8,"May","",40,0,40,"Gravel_allu",20,1.5,0,1.5,"Less_50","Test",30.72882,104.98987,0.532,0.468
"542","CA68",17,"Sep","",0,1,30,"Gravel_allu",70,1.5,0,1.5,"Over_50","Test",30.73543,104.98658,0.45,0.55
"543","CA52",14,"Apr","",0,1.5,20,"Gravel_allu",80,1.5,0,1.5,"Over_50","Test",30.73406,104.99248,0.572,0.428
"544","CA52",14,"Apr","",0,1.5,20,"Gravel_allu",80,1.5,0,1.5,"Over_50","Test",30.73398,104.99249,0.572,0.428
"545","CA52",15,"Apr","",0,1.5,20,"Gravel_allu",80,1.5,0,1.5,"Over_50","Test",30.733397,104.99255,0.56,0.44
"546","CA56",9,"Jul","",0,2,95,"Gravel_allu",5,1.5,0,1.5,"Less_50","Test",30.72835,104.97273,0.628,0.372
"547","CA71",18,"Aug","",0,2,0,"Gravel_allu",100,1.5,0,1.5,"Over_50","Test",30.72994,104.98269,0.318,0.682
"548","CA58",21,"Jun","",0,3,90,"Gravel_allu",10,1.5,0,1.5,"Over_50","Test",30.73011,104.98941,0.386,0.614
"549","CA59",13,"Aug","",0,5,20,"Gravel_allu",80,1.5,0,1.5,"Over_50","Test",30.77633,105.01586,0.374,0.626
"550","CA76",19,"Jun","",0,15,60,"Gravel_allu",40,1.5,0,1.5,"Over_50","Test",30.74158,105.00934,0.438,0.562
"551","CA54",15,"Sep","",0,25,50,"Gravel_allu",50,1.5,0,1.5,"Over_50","Test",30.77643,105.01595,0.396,0.604
"552","CA56",8,"Aug","",0,100,90,"Gravel_allu",10,1.5,0,1.5,"Less_50","Test",30.72807,104.97259,0.372,0.628
"553","CA59",18,"May","",0,100,80,"Gravel_allu",20,1.5,0,1.5,"Less_50","Test",30.77812,105.01674,0.518,0.482
"554","CA63",14,"Jul","",0,100,10,"Gravel_allu",90,1.5,0,1.5,"Over_50","Test",30.77359,105.01266,0.448,0.552
"555","CA70",19,"Sep","",0,100,0,"Gravel_allu",100,1.5,0,1.5,"Over_50","Test",30.77347,105.01461,0.322,0.678
"556","CA76",10,"Jun","",0,100,50,"Gravel_allu",50,1.6,0,1.6,"Over_50","Test",30.74267,104.01134,0.378,0.622
"557","CA76",13,"Aug","",0,100,10,"Gravel_allu",90,1.6,0,1.6,"Over_50","Test",30.74291,105.01192,0.382,0.618
"558","CA65",18,"May","",0,100,10,"Gravel_allu",90,1.7,0,1.7,"Over_50","Test",30.74284,105.01177,0.346,0.654
"559","CA67",11,"Oct","",0,1.2,50,"Gravel_allu",50,1.8,0,1.8,"Over_50","Test",30.78776,104.98739,0.956,0.044
"560","CA64",16,"Apr","",0,2,30,"Gravel_allu",70,1.8,0,1.8,"Over_50","Test",30.73433,104.979,0.55,0.45
"561","CA68",12,"Apr","",0,2.5,0,"Gravel_allu",100,1.8,0,1.8,"Over_50","Test",30.73983,104.98463,0.516,0.484
"562","CA70",10,"May","",0,100,80,"Gravel_allu",20,1.8,0,1.8,"Over_50","Test",30.77325,105.01566,0.488,0.512
"563","CA53",12,"Oct","",0,2,0,"Gravel_allu",100,2,0,2,"Over_50","Test",30.7806,104.98597,0.86,0.14
"564","CA53",18,"Sep","",0,2,0,"Gravel_allu",100,2,0,2,"Over_50","Test",30.78057,104.98602,0.328,0.672
"565","CA59",15,"Oct","",0,2,50,"Gravel_allu",50,2,0,2,"Over_50","Test",30.77798,105.01646,0.476,0.524
"566","CA61",13,"Apr","",0,4,20,"Gravel_allu",80,2,0,2,"Over_50","Test",30.73019,104.99022,0.548,0.452
"567","CA62",11,"Oct","",0,4,0,"Gravel_allu",100,2,0,2,"Over_50","Test",30.7307,104.98911,0.93,0.07
"568","CA57",19,"Aug","",0,15,50,"Gravel_allu",50,2,0,2,"Over_50","Test",30.77007,105.02431,0.524,0.476
"569","CA56",12,"Sep","",0,100,0,"Gravel_allu",100,2,0,2,"Over_50","Test",30.72791,104.97255,0.86,0.14
"570","CA70",13,"Apr","",0,100,20,"Gravel_allu",80,2.5,0,2.5,"Over_50","Test",30.77315,105.01543,0.496,0.504
"571","CA70",16,"May","",0,100,20,"Gravel_allu",80,2.5,0,2.5,"Over_50","Test",30.77315,105.0154,0.58,0.42
"572","CA65",12,"Oct","",40,0,20,"Gravel_allu",40,3,0,3,"Over_50","Test",30.74232,105.00851,0.914,0.086
"629","CA52",11,"Jul","",60,0,40,"Sand",0,0,15,2,"Over_50","Test",30.7321,104.9916,0.358,0.642
"630","CA52",22,"Jun","",0,5,100,"Sand",0,0,1,0.8,"0","Test",30.73056,104.98984,0.696,0.304
"631","CA52",8,"May","",0,20,100,"Sand",0,0,1.5,1.5,"0","Test",30.73051,104.98981,0.646,0.354
"632","CA61",21,"Jul","",0,100,100,"Sand",0,0,0.7,0.8,"0","Test",30.73119,104.98946,0.222,0.778
"633","CA71",21,"Jul","",0,3,30,"Sand",70,0.1,0,0.1,"0","Test",30.73079,104.98914,0.326,0.674
"674","CA52",19,"Jul","",60,0,10,"Sand",30,0.2,0,0.2,"Less_50","Test",30.73061,104.99036,0.732,0.268
"675","CA52",21,"May","",40,0,40,"Sand",10,0.2,0,0.2,"0","Test",30.73221,104.99129,0.598,0.402
"690","CA64",10,"Oct","",0,3,90,"Sand",10,0.2,0,0.2,"Less_50","Test",30.72589,104.98017,0.592,0.408
"691","CA55",13,"Oct","",0,15,20,"Sand",80,0.2,0,0.2,"Over_50","Test",30.72779,104.97173,0.548,0.452
"692","CA58",8,"Sep","",0,100,50,"Sand",50,0.2,0,0.2,"Less_50","Test",30.73074,104.98953,0.712,0.288
"793","CA67",10,"Apr","",70,0,20,"Sand",10,0.3,0,0.3,"Over_50","Test",30.78531,104.98891,0.45,0.55
"794","CA63",18,"Aug","",0,100,30,"Sand",70,0.3,0,0.3,"Over_50","Test",30.77296,105.01466,0.538,0.462
"795","CA71",22,"Jun","",0,100,90,"Sand",10,0.3,0,0.3,"0","Test",30.73097,104.98914,0.494,0.506
"796","CA66",9,"Sep","",60,0,10,"Sand",30,0.4,0,0.4,"Over_50","Test",30.72758,104.98415,0.912,0.088
"797","CA66",16,"Sep","",60,0,10,"Sand",30,0.4,0,0.4,"Over_50","Test",30.72762,104.98418,0.832,0.168
"798","CA57",20,"Jun","",50,0,30,"Sand",20,0.5,0,0.5,"Over_50","Test",30.77084,105.02055,0.49,0.51
"799","CA64",23,"Sep","",20,0,40,"Sand",40,0.5,0,0.5,"Over_50","Test",30.72479,104.98145,0.644,0.356
"800","CA74",13,"Apr","",70,0,10,"Sand",20,0.5,0,0.5,"Over_50","Test",30.73292,105.00221,0.25,0.75
"801","CA64",16,"Oct","",0,0.5,20,"Sand",80,0.5,0,0.5,"Over_50","Test",30.72705,104.98093,0.854,0.146
"802","CA52",20,"Aug","",0,3,90,"Sand",10,0.5,0,0.5,"Over_50","Test",30.73317,104.99212,0.486,0.514
"803","CA55",20,"Sep","",0,5,90,"Sand",10,0.5,0,0.5,"Less_50","Test",30.72788,104.97176,0.75,0.25
"804","CA66",0,"Aug","",0,5,30,"Sand",70,0.5,0,0.5,"Less_50","Test",30.73145,104.98692,0.386,0.614
"805","CA55",8,"Sep","",0,6,90,"Sand",10,0.5,0,0.5,"Less_50","Test",30.72786,104.97172,0.59,0.41
"806","CA55",13,"Sep","",0,6,90,"Sand",10,0.5,0,0.5,"Less_50","Test",30.72787,104.97171,0.166,0.834
"807","CA56",8,"Sep","",0,15,30,"Sand",70,0.5,0,0.5,"Over_50","Test",30.72853,104.97224,0.916,0.084
"808","CA56",15,"Apr","",0,15,20,"Sand",80,0.5,0,0.5,"Over_50","Test",30.72927,104.97308,0.402,0.598
"809","CA55",23,"Sep","",0,100,90,"Sand",10,0.5,0,0.5,"Less_50","Test",30.72787,104.97177,0.576,0.424
"810","CA56",20,"Jul","",0,100,70,"Sand",30,0.5,0,0.5,"0","Test",30.72816,104.97239,0.526,0.474
"811","CA68",19,"Jul","",10,100,20,"Sand",80,0.5,0,0.5,"Over_50","Test",30.74484,105.00663,0.268,0.732
"812","CA54",19,"Jun","",0,100,20,"Sand",80,0.6,0,0.6,"Over_50","Test",30.77346,105.02698,0.262,0.738
"813","CA56",8,"Sep","",0,100,70,"Sand",30,0.6,0,0.6,"Over_50","Test",30.7282,104.97243,0.906,0.094
"814","CA64",12,"Jul","",0,0.6,40,"Sand",60,0.7,0,0.7,"Over_50","Test",30.73139,104.97962,0.492,0.508
"815","CA73",8,"Aug","",0,5,30,"Sand",70,0.7,0,0.7,"Over_50","Test",30.73199,104.9857,0.336,0.664
"816","CA58",20,"May","",0,20,20,"Sand",80,0.7,0,0.7,"Over_50","Test",30.73058,104.98983,0.572,0.428
"817","CA61",20,"Jun","",0,20,60,"Sand",40,0.7,0,0.7,"Less_50","Test",30.73041,104.98885,0.548,0.452
"818","CA56",7,"Sep","",0,100,40,"Sand",60,0.7,0,0.7,"Less_50","Test",30.72822,104.97232,0.776,0.224
"819","CA65",11,"Aug","",0,100,40,"Sand",60,0.7,0,0.7,"Over_50","Test",30.74305,105.00925,0.67,0.33
"820","CA57",15,"Sep","",45,0,5,"Sand",50,0.75,0,0.75,"Over_50","Test",30.77255,105.02197,0.724,0.276
"821","CA61",12,"Apr","",10,0,10,"Sand",80,0.75,0,0.75,"Over_50","Test",30.72987,104.98936,0.342,0.658
"822","CA72",8,"May","",0,1.5,70,"Sand",30,0.8,0,0.8,"Less_50","Test",30.73916,104.98877,0.498,0.502
"823","CA71",20,"Jul","",0,2,20,"Sand",80,0.8,0,0.8,"Over_50","Test",30.73099,104.98969,0.304,0.696
"824","CA62",15,"Sep","",0,100,20,"Sand",80,0.8,0,0.8,"Over_50","Test",30.73101,104.98909,0.72,0.28
"825","CA65",15,"Oct","",0,100,10,"Sand",90,0.8,0,0.8,"Over_50","Test",30.74293,105.00983,0.97,0.03
"826","CA70",8,"Oct","",0,3,80,"Sand",20,0.9,0,0.9,"Over_50","Test",30.77298,105.01362,0.714,0.286
"827","CA69",11,"Apr","",0,1,10,"Sand",90,1,0,1,"Over_50","Test",30.77565,105.01691,0.62,0.38
"828","CA56",9,"Aug","",0,2.5,60,"Sand",40,1,0,1,"Over_50","Test",30.7282,104.97263,0.712,0.288
"829","CA69",18,"Jul","",0,2.5,80,"Sand",20,1,0,1,"Over_50","Test",30.77435,105.01742,0.316,0.684
"830","CA58",0,"Aug","",0,100,20,"Sand",80,1,0,1,"Over_50","Test",30.7313,104.98938,0.31,0.69
"831","CA59",10,"Jul","",0,100,10,"Sand",90,1,0,1,"Over_50","Test",30.77806,105.01819,0.75,0.25
"832","CA68",19,"Jun","",0,100,70,"Sand",30,1,0,1,"Over_50","Test",30.7363,104.98339,0.426,0.574
"833","CA70",17,"Jul","",0,100,20,"Sand",80,1,0,1,"Over_50","Test",30.77256,105.01174,0.344,0.656
"834","CA72",9,"Oct","",0,100,40,"Sand",60,1,0,1,"Less_50","Test",30.73245,104.98623,0.916,0.084
"986","CA66",0,"Aug","",0,2,10,"Sand",90,1.1,0,1.1,"Over_50","Test",30.73189,104.98609,0.35,0.65
"987","CA68",13,"May","",40,0,20,"Sand",30,1.2,0,1.2,"Over_50","Test",30.73815,104.98312,0.41,0.59
"988","CA68",17,"May","",40,0,20,"Sand",30,1.2,0,1.2,"Over_50","Test",30.73815,104.98309,0.476,0.524
"989","CA64",10,"Oct","",0,7,30,"Sand",70,1.2,0,1.2,"Over_50","Test",30.72567,104.98141,0.942,0.058
"990","CA65",10,"Jul","",0,100,40,"Sand",60,1.2,0,1.2,"Less_50","Test",30.74306,105.00937,0.61,0.39
"991","CA66",22,"Sep","",0,2,40,"Sand",60,1.3,0,1.3,"Over_50","Test",30.73086,104.98614,0.688,0.312
"992","CA73",13,"Sep","",0,2,40,"Sand",60,1.3,0,1.3,"Over_50","Test",30.73212,104.98607,0.554,0.446
"993","CA73",14,"Aug","",0,2,30,"Sand",70,1.3,0,1.3,"Over_50","Test",30.73118,104.98623,0.476,0.524
"994","CA69",11,"May","",0,2.5,70,"Sand",30,1.3,0,1.3,"Over_50","Test",30.77439,105.01742,0.654,0.346
"995","CA70",17,"Oct","",0,100,10,"Sand",90,1.3,0,1.3,"Over_50","Test",30.77291,105.01369,0.29,0.71
"996","CA56",12,"Sep","",0,20,30,"Sand",70,1.4,0,1.4,"Over_50","Test",30.72859,104.97243,0.948,0.052
"997","CA76",13,"Sep","",0,100,20,"Sand",80,1.4,0,1.4,"Over_50","Test",30.7429,105.0097,0.726,0.274
"998","CA68",16,"Aug","",10,0,20,"Sand",70,1.5,0,1.5,"Over_50","Test",30.7384,104.98537,0.704,0.296
"999","CA73",14,"Sep","",30,0,40,"Sand",30,1.5,0,1.5,"Over_50","Test",30.73109,104.9861,0.462,0.538
"1000","CA66",15,"Oct","",0,1.2,10,"Sand",90,1.5,0,1.5,"Over_50","Test",30.72865,104.98737,0.884,0.116
"1001","CA56",17,"Aug","",0,1.5,30,"Sand",70,1.5,0,1.5,"Over_50","Test",30.72669,104.9712,0.698,0.302
"1002","CA53",14,"Aug","",0,2,20,"Sand",80,1.5,0,1.5,"Over_50","Test",30.78238,104.98479,0.476,0.524
"1003","CA53",15,"Jul","",0,2,20,"Sand",80,1.5,0,1.5,"Over_50","Test",30.78237,104.98482,0.336,0.664
"1004","CA53",17,"Jun","",0,2,20,"Sand",80,1.5,0,1.5,"Over_50","Test",30.78237,104.98482,0.356,0.644
"1005","CA56",9,"May","",0,2,30,"Sand",70,1.5,0,1.5,"Over_50","Test",30.72821,104.97264,0.58,0.42
"1006","CA56",20,"May","",0,2,30,"Sand",70,1.5,0,1.5,"Over_50","Test",30.72821,104.97262,0.546,0.454
"1007","CA69",17,"Oct","",0,2.5,60,"Sand",40,1.5,0,1.5,"Over_50","Test",30.77383,105.01591,0.804,0.196
"1008","CA56",15,"Sep","",0,3,80,"Sand",20,1.5,0,1.5,"Over_50","Test",30.72816,104.9726,0.568,0.432
"1009","CA73",18,"Aug","",0,3,70,"Sand",30,1.5,0,1.5,"Over_50","Test",30.73218,104.9856,0.6,0.4
"1010","CA61",20,"Jun","",0,3.5,90,"Sand",10,1.5,0,1.5,"Over_50","Test",30.73009,104.98898,0.43,0.57
"1011","CA68",20,"Jul","",0,5,80,"Sand",20,1.5,0,1.5,"Over_50","Test",30.73878,104.9857,0.562,0.438
"1012","CA58",23,"Oct","",0,100,90,"Sand",10,1.5,0,1.5,"Less_50","Test",30.73051,104.98978,0.816,0.184
"1013","CA62",20,"Jun","",0,100,10,"Sand",90,1.5,0,1.5,"Over_50","Test",30.73106,104.9892,0.176,0.824
"1014","CA71",23,"Jun","",0,100,20,"Sand",80,1.5,0,1.5,"Over_50","Test",30.73073,104.9893,0.102,0.898
"1031","CA73",14,"Sep","",0,1.3,20,"Sand",80,1.7,0,1.7,"Over_50","Test",30.73177,104.98605,0.512,0.488
"1032","CA67",17,"Apr","",0,10,30,"Sand",70,1.7,0,1.7,"Over_50","Test",30.78835,104.98925,0.53,0.47
"1033","CA53",16,"Jul","",0,2,50,"Sand",50,1.75,0,1.75,"Over_50","Test",30.77871,104.98177,0.154,0.846
"1034","CA61",10,"Jul","",0,10,90,"Sand",10,1.8,0,1.8,"Over_50","Test",30.73013,104.98891,0.416,0.584
"1035","CA72",16,"Oct","",0,0.7,10,"Sand",90,2,0,2,"Over_50","Test",30.72902,104.98866,0.816,0.184
"1036","CA73",22,"Jun","",0,2,60,"Sand",40,2,0,2,"Over_50","Test",30.73192,104.98568,0.392,0.608
"1037","CA53",12,"May","",0,2.5,30,"Sand",70,2,0,2,"Over_50","Test",30.7815,104.98375,0.536,0.464
"1038","CA73",8,"Sep","",0,3,20,"Sand",80,2,0,2,"Over_50","Test",30.73158,104.98605,0.954,0.046
"1039","CA73",14,"Apr","",0,5,80,"Sand",20,2,0,2,"Over_50","Test",30.73175,104.98608,0.22,0.78
"1040","CA71",19,"Sep","",0,10,20,"Sand",80,2,0,2,"Over_50","Test",30.7319,104.98568,0.304,0.696
"1041","CA55",15,"Sep","",30,0,20,"Sand",50,2.5,0,2.5,"Over_50","Test",30.72786,104.97168,0.756,0.244
"1042","CA58",12,"Jul","",50,0,40,"Sand",10,2.5,10,2.5,"Over_50","Test",30.73011,104.98875,0.308,0.692
"1043","CA55",14,"Oct","",50,0,10,"Sand",40,3,0,3,"Over_50","Test",30.72782,104.97175,0.466,0.534
"1044","CA55",17,"Oct","",50,0,10,"Sand",40,3,0,3,"Over_50","Test",30.72786,104.97173,0.56,0.44
"1045","CA55",13,"Sep","",0,1.25,80,"Sand",20,3,0,3,"Over_50","Test",30.72785,104.97166,0.33,0.67
"1046","CA55",9,"Oct","",0,1.5,80,"Sand",20,3,0,3,"Over_50","Test",30.72789,104.97168,0.754,0.246
"1047","CA58",9,"Jul","",0,15,30,"Sand",70,3,0,3,"Over_50","Test",30.73153,104.98878,0.448,0.552
