ID,TimeS,Month,Detection,Rock_per,DNR,Soil_per,Soil_type,Vegetation_per,Vegetation_height,DNV,DNV_height,Concealment,Set,LocationN,LocationE
CA53,0,Jun,,0,100,100,Gravel_allu,0,0,0.6,0.2,0,Test,30.78322,104.98434
CA54,0,Sep,,0,1.25,100,Gravel_allu,0,0,0.75,0.25,0,Test,30.77256,105.01958
CA66,0,Aug,,0,5,30,Sand,70,0.5,0,0.5,Less_50,Test,30.73145,104.98692
CA58,0,Aug,,0,100,20,Sand,80,1,0,1,Over_50,Test,30.7313,104.98938
CA62,0,Sep,,0,2,100,Gravel_allu,0,0,0.6,1,Less_50,Test,30.73266,104.98933
CA66,0,Aug,,0,2,10,Sand,90,1.1,0,1.1,Over_50,Test,30.73189,104.98609
M13,0,Aug,N,0,10,90,Sand,10,0.1,0,0.1,0,Train,,
M13,0,Aug,Y,0,10,90,Sand,10,0.1,0,0.1,0,Train,,
M5,0,Aug,N,0,4,60,Sand,40,0.25,0,0.25,0,Train,,
M5,0,Aug,Y,0,4,60,Sand,40,0.25,0,0.25,0,Train,,
M15,0,Aug,N,0,100,100,Sand,0,0,0.75,0.3,0,Train,,
M15,0,Aug,N,0,100,100,Sand,0,0,0.75,0.3,0,Train,,
M15,0,Aug,N,0,100,100,Sand,0,0,0.75,0.3,0,Train,,
M15,0,Aug,Y,0,100,100,Sand,0,0,0.75,0.3,0,Train,,
M15,0,Aug,Y,0,100,100,Sand,0,0,0.75,0.3,0,Train,,
M15,0,Aug,Y,0,100,100,Sand,0,0,0.75,0.3,0,Train,,
M15,0,Aug,Y,0,100,100,Sand,0,0,0.75,0.3,0,Train,,
M15,0,Aug,Y,0,100,100,Sand,0,0,0.75,0.3,0,Train,,
M15,0,Aug,Y,0,100,100,Sand,0,0,0.75,0.3,0,Train,,
M15,0,Aug,Y,0,100,100,Sand,0,0,0.75,0.3,0,Train,,
M15,0,Jul,Y,0,100,100,Sand,0,0,0.75,0.3,0,Train,,
M15,0,Jul,Y,0,100,100,Sand,0,0,0.75,0.3,0,Train,,
M15,0,Jul,Y,0,100,100,Sand,0,0,0.75,0.3,0,Train,,
M15,0,Jul,Y,0,100,100,Sand,0,0,0.75,0.3,0,Train,,
M15,0,Jul,Y,0,100,100,Sand,0,0,0.75,0.3,0,Train,,
M15,0,Jul,Y,0,100,100,Sand,0,0,0.75,0.3,0,Train,,
M15,0,Jul,Y,0,100,100,Sand,0,0,0.75,0.3,0,Train,,
M12,0,Apr,N,0,100,100,Sand,0,0,0.5,0.5,0,Train,,
M12,0,Aug,N,0,100,100,Sand,0,0,0.5,0.5,0,Train,,
M12,0,Aug,N,0,100,100,Sand,0,0,0.5,0.5,0,Train,,
M12,0,Aug,N,0,100,100,Sand,0,0,0.5,0.5,0,Train,,
M12,0,Aug,Y,0,100,100,Sand,0,0,0.5,0.5,0,Train,,
M9,0,Sep,N,0,100,60,Sand,40,1,0,1,Over_50,Train,,
M3,0,Apr,Y,0,100,100,DeadVeg,0,0,1.5,1.75,0,Train,,
M3,0,Jul,N,0,100,100,DeadVeg,0,0,1.5,1.75,0,Train,,
M3,0,Jul,N,0,100,100,DeadVeg,0,0,1.5,1.75,0,Train,,
M3,0,May,N,0,100,100,DeadVeg,0,0,1.5,1.75,0,Train,,
M3,0,Sep,Y,0,100,100,DeadVeg,0,0,1.5,1.75,0,Train,,
CA72,1,Sep,,30,0,10,Gravel_allu,60,0.4,0,0.4,0,Test,30.73312,104.98917
CA59,1,Aug,,0,100,60,Gravel_allu,40,0.6,0,0.6,Less_50,Test,30.77804,105.01825
CA52,1,Jul,,0,20,100,Gravel_allu,0,0,1.5,0.75,0,Test,30.73191,104.99136
M23,1,Oct,Y,95,0,3,Sand,2,0.2,0,0.2,0,Train,,
M18,1,Sep,Y,0,30,100,Gravel_allu,0,0,0.75,0.2,0,Train,,
M5,1,Jul,N,0,4,60,Sand,40,0.25,0,0.25,0,Train,,
M20,1,Jul,Y,0,15,100,Gravel_allu,0,0,0.75,0.3,0,Train,,
M8,1,Jul,N,0,100,40,Sand_DeadVeg,60,0.5,0,0.5,Over_50,Train,,
M12,1,Aug,Y,0,100,100,Sand,0,0,0.5,0.5,0,Train,,
M12,1,Aug,Y,0,100,100,Sand,0,0,0.5,0.5,0,Train,,
M12,1,Jul,N,0,100,100,Sand,0,0,0.5,0.5,0,Train,,
M9,1,May,N,0,100,60,Sand,40,1,0,1,Over_50,Train,,
M9,1,Sep,N,0,100,60,Sand,40,1,0,1,Over_50,Train,,
M9,1,Sep,N,0,100,60,Sand,40,1,0,1,Over_50,Train,,
M6,1,Aug,N,0,100,40,Sand_DeadVeg,60,1,0,1,Over_50,Train,,
M3,1,Apr,Y,0,100,100,DeadVeg,0,0,1.5,1.75,0,Train,,
M3,1,Aug,N,0,100,100,DeadVeg,0,0,1.5,1.75,0,Train,,
M3,1,Aug,N,0,100,100,DeadVeg,0,0,1.5,1.75,0,Train,,
M3,1,Aug,N,0,100,100,DeadVeg,0,0,1.5,1.75,0,Train,,
M3,1,Aug,Y,0,100,100,DeadVeg,0,0,1.5,1.75,0,Train,,
M3,1,Aug,Y,0,100,100,DeadVeg,0,0,1.5,1.75,0,Train,,
M1,1,Oct,N,0,1,20,Sand_DeadVeg,80,2,0,2,Over_50,Train,,
M1,1,Oct,Y,0,1,20,Sand_DeadVeg,80,2,0,2,Over_50,Train,,
M1,1,Sep,N,0,1,20,Sand_DeadVeg,80,2,0,2,Over_50,Train,,
M1,1,Sep,N,0,1,20,Sand_DeadVeg,80,2,0,2,Over_50,Train,,
M13,2,Aug,N,0,10,90,Sand,10,0.1,0,0.1,0,Train,,
M13,2,Jul,N,0,10,90,Sand,10,0.1,0,0.1,0,Train,,
M13,2,Jul,Y,0,10,90,Sand,10,0.1,0,0.1,0,Train,,
M13,2,Jul,Y,0,10,90,Sand,10,0.1,0,0.1,0,Train,,
M11,2,Aug,Y,0,100,90,Sand,10,0.1,0,0.1,0,Train,,
M16,2,Aug,N,0,15,90,Gravel_allu,10,0.25,0,0.25,0,Train,,
M5,2,Jul,N,0,4,60,Sand,40,0.25,0,0.25,0,Train,,
M5,2,Jul,N,0,4,60,Sand,40,0.25,0,0.25,0,Train,,
M5,2,Sep,Y,0,4,60,Sand,40,0.25,0,0.25,0,Train,,
M20,2,Sep,N,0,15,100,Gravel_allu,0,0,0.75,0.3,0,Train,,
M15,2,Aug,N,0,100,100,Sand,0,0,0.75,0.3,0,Train,,
M15,2,Aug,Y,0,100,100,Sand,0,0,0.75,0.3,0,Train,,
M12,2,Apr,Y,0,100,100,Sand,0,0,0.5,0.5,0,Train,,
M12,2,Aug,Y,0,100,100,Sand,0,0,0.5,0.5,0,Train,,
M12,2,Jul,N,0,100,100,Sand,0,0,0.5,0.5,0,Train,,
M12,2,Jul,Y,0,100,100,Sand,0,0,0.5,0.5,0,Train,,
M12,2,Oct,N,0,100,100,Sand,0,0,0.5,0.5,0,Train,,
M12,2,Oct,N,0,100,100,Sand,0,0,0.5,0.5,0,Train,,
M7,2,Oct,N,0,100,10,Sand,90,1,0,1,Over_50,Train,,
M9,2,Sep,N,0,100,60,Sand,40,1,0,1,Over_50,Train,,
M4,2,Apr,N,0,0.6,100,Sand,0,0,1.5,1.25,0,Train,,
M10,2,Jul,N,0,100,60,Sand,40,1.5,0,1.5,Over_50,Train,,
M1,2,Sep,Y,0,1,20,Sand_DeadVeg,80,2,0,2,Over_50,Train,,
M11,3,Jul,N,0,100,90,Sand,10,0.1,0,0.1,0,Train,,
M5,3,Apr,N,0,4,60,Sand,40,0.25,0,0.25,0,Train,,
M15,3,Aug,N,0,100,100,Sand,0,0,0.75,0.3,0,Train,,
M15,3,Jul,N,0,100,100,Sand,0,0,0.75,0.3,0,Train,,
M15,3,Jul,Y,0,100,100,Sand,0,0,0.75,0.3,0,Train,,
M15,3,Jul,Y,0,100,100,Sand,0,0,0.75,0.3,0,Train,,
M15,3,Jul,Y,0,100,100,Sand,0,0,0.75,0.3,0,Train,,
M15,3,Jul,Y,0,100,100,Sand,0,0,0.75,0.3,0,Train,,
M15,3,Jul,Y,0,100,100,Sand,0,0,0.75,0.3,0,Train,,
M8,3,Jul,N,0,100,40,Sand_DeadVeg,60,0.5,0,0.5,Over_50,Train,,
M12,3,Jul,N,0,100,100,Sand,0,0,0.5,0.5,0,Train,,
M12,3,Jul,Y,0,100,100,Sand,0,0,0.5,0.5,0,Train,,
M12,3,Jul,Y,0,100,100,Sand,0,0,0.5,0.5,0,Train,,
M12,3,Jul,Y,0,100,100,Sand,0,0,0.5,0.5,0,Train,,
M12,3,Sep,N,0,100,100,Sand,0,0,0.5,0.5,0,Train,,
M12,3,Sep,Y,0,100,100,Sand,0,0,0.5,0.5,0,Train,,
M9,3,Sep,N,0,100,60,Sand,40,1,0,1,Over_50,Train,,
M3,3,Sep,N,0,100,100,DeadVeg,0,0,1.5,1.75,0,Train,,
M3,3,Sep,Y,0,100,100,DeadVeg,0,0,1.5,1.75,0,Train,,
M3,3,Sep,Y,0,100,100,DeadVeg,0,0,1.5,1.75,0,Train,,
M11,4,Aug,Y,0,100,90,Sand,10,0.1,0,0.1,0,Train,,
M11,4,Aug,Y,0,100,90,Sand,10,0.1,0,0.1,0,Train,,
M5,4,Jul,N,0,4,60,Sand,40,0.25,0,0.25,0,Train,,
M5,4,Oct,N,0,4,60,Sand,40,0.25,0,0.25,0,Train,,
M15,4,Aug,Y,0,100,100,Sand,0,0,0.75,0.3,0,Train,,
M15,4,Jul,N,0,100,100,Sand,0,0,0.75,0.3,0,Train,,
M15,4,Jul,N,0,100,100,Sand,0,0,0.75,0.3,0,Train,,
M15,4,Jul,N,0,100,100,Sand,0,0,0.75,0.3,0,Train,,
M15,4,Jul,Y,0,100,100,Sand,0,0,0.75,0.3,0,Train,,
M15,4,Jul,Y,0,100,100,Sand,0,0,0.75,0.3,0,Train,,
M15,4,Jul,Y,0,100,100,Sand,0,0,0.75,0.3,0,Train,,
M15,4,Jul,Y,0,100,100,Sand,0,0,0.75,0.3,0,Train,,
M15,4,Jul,Y,0,100,100,Sand,0,0,0.75,0.3,0,Train,,
M15,4,Jun,Y,0,100,100,Sand,0,0,0.75,0.3,0,Train,,
M15,4,Jun,Y,0,100,100,Sand,0,0,0.75,0.3,0,Train,,
M12,4,Jul,N,0,100,100,Sand,0,0,0.5,0.5,0,Train,,
M12,4,Jul,N,0,100,100,Sand,0,0,0.5,0.5,0,Train,,
M12,4,Jul,N,0,100,100,Sand,0,0,0.5,0.5,0,Train,,
M12,4,Jul,Y,0,100,100,Sand,0,0,0.5,0.5,0,Train,,
M9,4,Jul,N,0,100,60,Sand,40,1,0,1,Over_50,Train,,
M3,4,Jul,N,0,100,100,DeadVeg,0,0,1.5,1.75,0,Train,,
M3,4,Sep,Y,0,100,100,DeadVeg,0,0,1.5,1.75,0,Train,,
M3,4,Sep,Y,0,100,100,DeadVeg,0,0,1.5,1.75,0,Train,,
M23,5,Aug,Y,95,0,3,Sand,2,0.2,0,0.2,0,Train,,
M15,5,Jul,N,0,100,100,Sand,0,0,0.75,0.3,0,Train,,
M15,5,Jul,Y,0,100,100,Sand,0,0,0.75,0.3,0,Train,,
M15,5,Jul,Y,0,100,100,Sand,0,0,0.75,0.3,0,Train,,
M15,5,Jul,Y,0,100,100,Sand,0,0,0.75,0.3,0,Train,,
M15,5,Jul,Y,0,100,100,Sand,0,0,0.75,0.3,0,Train,,
M15,5,Jul,Y,0,100,100,Sand,0,0,0.75,0.3,0,Train,,
M15,5,Jul,Y,0,100,100,Sand,0,0,0.75,0.3,0,Train,,
M15,5,Jul,Y,0,100,100,Sand,0,0,0.75,0.3,0,Train,,
M15,5,Jul,Y,0,100,100,Sand,0,0,0.75,0.3,0,Train,,
M15,5,Jul,Y,0,100,100,Sand,0,0,0.75,0.3,0,Train,,
M15,5,Jul,Y,0,100,100,Sand,0,0,0.75,0.3,0,Train,,
M15,5,Jul,Y,0,100,100,Sand,0,0,0.75,0.3,0,Train,,
M12,5,Aug,Y,0,100,100,Sand,0,0,0.5,0.5,0,Train,,
M12,5,Jul,Y,0,100,100,Sand,0,0,0.5,0.5,0,Train,,
M12,5,Jul,Y,0,100,100,Sand,0,0,0.5,0.5,0,Train,,
M12,5,Sep,N,0,100,100,Sand,0,0,0.5,0.5,0,Train,,
M12,5,Sep,Y,0,100,100,Sand,0,0,0.5,0.5,0,Train,,
M12,5,Sep,Y,0,100,100,Sand,0,0,0.5,0.5,0,Train,,
M12,5,Sep,Y,0,100,100,Sand,0,0,0.5,0.5,0,Train,,
M14,5,Aug,N,0,10,100,Sand,0,0,2,0.5,0,Train,,
M9,5,Jun,N,0,100,60,Sand,40,1,0,1,Over_50,Train,,
M9,5,Sep,N,0,100,60,Sand,40,1,0,1,Over_50,Train,,
M9,5,Sep,N,0,100,60,Sand,40,1,0,1,Over_50,Train,,
M6,5,Jun,N,0,100,40,Sand_DeadVeg,60,1,0,1,Over_50,Train,,
M6,5,Jun,Y,0,100,40,Sand_DeadVeg,60,1,0,1,Over_50,Train,,
M6,5,Jun,Y,0,100,40,Sand_DeadVeg,60,1,0,1,Over_50,Train,,
M6,5,Jun,Y,0,100,40,Sand_DeadVeg,60,1,0,1,Over_50,Train,,
M6,5,Jun,Y,0,100,40,Sand_DeadVeg,60,1,0,1,Over_50,Train,,
M3,5,Aug,N,0,100,100,DeadVeg,0,0,1.5,1.75,0,Train,,
M3,5,Jul,N,0,100,100,DeadVeg,0,0,1.5,1.75,0,Train,,
M3,5,Jul,Y,0,100,100,DeadVeg,0,0,1.5,1.75,0,Train,,
M3,5,Jul,Y,0,100,100,DeadVeg,0,0,1.5,1.75,0,Train,,
CA54,6,Aug,,0,2.5,50,Gravel_allu,50,0.5,0,0.5,Over_50,Test,30.7758,105.01944
CA69,6,Jun,,0,5,70,Gravel_allu,30,0.5,0,0.5,Less_50,Test,30.77431,105.01734
M11,6,Jul,N,0,100,90,Sand,10,0.1,0,0.1,0,Train,,
M2,6,Jul,N,0,100,40,Sand_DeadVeg,60,0.25,0,0.25,0,Train,,
M2,6,Jun,N,0,100,40,Sand_DeadVeg,60,0.25,0,0.25,0,Train,,
M2,6,Jun,N,0,100,40,Sand_DeadVeg,60,0.25,0,0.25,0,Train,,
M15,6,Jul,N,0,100,100,Sand,0,0,0.75,0.3,0,Train,,
M15,6,Jul,N,0,100,100,Sand,0,0,0.75,0.3,0,Train,,
M8,6,Jul,N,0,100,40,Sand_DeadVeg,60,0.5,0,0.5,Over_50,Train,,
M12,6,Jun,Y,0,100,100,Sand,0,0,0.5,0.5,0,Train,,
M12,6,Sep,N,0,100,100,Sand,0,0,0.5,0.5,0,Train,,
M7,6,May,N,0,100,10,Sand,90,1,0,1,Over_50,Train,,
M7,6,May,N,0,100,10,Sand,90,1,0,1,Over_50,Train,,
M6,6,Jul,Y,0,100,40,Sand_DeadVeg,60,1,0,1,Over_50,Train,,
M6,6,Jun,Y,0,100,40,Sand_DeadVeg,60,1,0,1,Over_50,Train,,
M6,6,Jun,Y,0,100,40,Sand_DeadVeg,60,1,0,1,Over_50,Train,,
M6,6,Jun,Y,0,100,40,Sand_DeadVeg,60,1,0,1,Over_50,Train,,
M6,6,Jun,Y,0,100,40,Sand_DeadVeg,60,1,0,1,Over_50,Train,,
M6,6,Jun,Y,0,100,40,Sand_DeadVeg,60,1,0,1,Over_50,Train,,
M6,6,Jun,Y,0,100,40,Sand_DeadVeg,60,1,0,1,Over_50,Train,,
M4,6,Jul,N,0,0.6,100,Sand,0,0,1.5,1.25,0,Train,,
M4,6,Jun,N,0,0.6,100,Sand,0,0,1.5,1.25,0,Train,,
M10,6,Aug,N,0,100,60,Sand,40,1.5,0,1.5,Over_50,Train,,
M3,6,Aug,N,0,100,100,DeadVeg,0,0,1.5,1.75,0,Train,,
M3,6,Aug,N,0,100,100,DeadVeg,0,0,1.5,1.75,0,Train,,
M3,6,Aug,N,0,100,100,DeadVeg,0,0,1.5,1.75,0,Train,,
M3,6,Aug,N,0,100,100,DeadVeg,0,0,1.5,1.75,0,Train,,
M3,6,Aug,N,0,100,100,DeadVeg,0,0,1.5,1.75,0,Train,,
M3,6,Aug,N,0,100,100,DeadVeg,0,0,1.5,1.75,0,Train,,
M3,6,Aug,Y,0,100,100,DeadVeg,0,0,1.5,1.75,0,Train,,
M3,6,Jun,Y,0,100,100,DeadVeg,0,0,1.5,1.75,0,Train,,
M3,6,Jun,Y,0,100,100,DeadVeg,0,0,1.5,1.75,0,Train,,
M3,6,Sep,Y,0,100,100,DeadVeg,0,0,1.5,1.75,0,Train,,
M1,6,Jul,N,0,1,20,Sand_DeadVeg,80,2,0,2,Over_50,Train,,
M1,6,Jul,N,0,1,20,Sand_DeadVeg,80,2,0,2,Over_50,Train,,
CA52,7,Aug,,0,3,95,Gravel_allu,5,0.05,0,0.05,0,Test,30.73387,104.99266
CA64,7,Apr,,0,0.8,95,Gravel_allu,5,0.2,0,0.2,Less_50,Test,30.73176,104.97887
CA66,7,Jun,,0,1,70,Gravel_allu,30,0.2,0,0.2,Less_50,Test,30.73109,104.98596
CA68,7,Sep,,0,1,98,Gravel_allu,2,0.2,0,0.2,0,Test,30.73724,104.98558
CA63,7,Jun,,0,100,100,Gravel_allu,0,0,0.5,0.3,0,Test,30.77255,105.01374
CA62,7,Jun,,60,0,30,Gravel_allu,10,0.4,0,0.4,Over_50,Test,30.73309,104.98933
CA64,7,Apr,,0,2.5,40,Gravel_allu,60,0.5,0,0.5,Less_50,Test,30.73423,104.97875
CA69,7,Jul,,0,5,20,Gravel_allu,80,0.5,0,0.5,Over_50,Test,30.776,105.01748
CA70,7,Jul,,0,100,60,Gravel_allu,40,0.5,0,0.5,0,Test,30.7732,105.01457
CA70,7,Jul,,0,100,70,Gravel_allu,30,0.5,0,0.5,Over_50,Test,30.77414,105.0158
CA63,7,May,,0,100,30,Gravel_allu,70,0.6,0,0.6,Over_50,Test,30.77384,105.01343
CA56,7,Sep,,0,100,40,Sand,60,0.7,0,0.7,Less_50,Test,30.72822,104.97232
CA68,7,Aug,,0,100,100,Gravel_allu,0,0,0.6,0.7,0,Test,30.73526,104.98357
CA68,7,May,,0,2,60,Gravel_allu,40,0.8,0,0.8,Over_50,Test,30.7395,104.98593
CA71,7,Jun,,0,100,100,Gravel_allu,0,0,0.6,0.8,0,Test,30.73097,104.98838
CA62,7,May,,90,0,10,Gravel_allu,0,0,1,1,Over_50,Test,30.73272,104.98869
M16,7,Jul,Y,0,15,90,Gravel_allu,10,0.25,0,0.25,0,Train,,
M16,7,Jul,Y,0,15,90,Gravel_allu,10,0.25,0,0.25,0,Train,,
M5,7,Sep,N,0,4,60,Sand,40,0.25,0,0.25,0,Train,,
M5,7,Sep,Y,0,4,60,Sand,40,0.25,0,0.25,0,Train,,
M2,7,Aug,N,0,100,40,Sand_DeadVeg,60,0.25,0,0.25,0,Train,,
M15,7,Aug,N,0,100,100,Sand,0,0,0.75,0.3,0,Train,,
M15,7,Aug,N,0,100,100,Sand,0,0,0.75,0.3,0,Train,,
M15,7,Jul,N,0,100,100,Sand,0,0,0.75,0.3,0,Train,,
M15,7,Jul,Y,0,100,100,Sand,0,0,0.75,0.3,0,Train,,
M15,7,Sep,N,0,100,100,Sand,0,0,0.75,0.3,0,Train,,
M8,7,Jul,N,0,100,40,Sand_DeadVeg,60,0.5,0,0.5,Over_50,Train,,
M12,7,Jul,N,0,100,100,Sand,0,0,0.5,0.5,0,Train,,
M12,7,Jul,Y,0,100,100,Sand,0,0,0.5,0.5,0,Train,,
M12,7,Oct,Y,0,100,100,Sand,0,0,0.5,0.5,0,Train,,
M7,7,Aug,Y,0,100,10,Sand,90,1,0,1,Over_50,Train,,
M9,7,Sep,N,0,100,60,Sand,40,1,0,1,Over_50,Train,,
M9,7,Sep,N,0,100,60,Sand,40,1,0,1,Over_50,Train,,
M9,7,Sep,N,0,100,60,Sand,40,1,0,1,Over_50,Train,,
M9,7,Sep,N,0,100,60,Sand,40,1,0,1,Over_50,Train,,
M6,7,Aug,N,0,100,40,Sand_DeadVeg,60,1,0,1,Over_50,Train,,
M6,7,Jul,N,0,100,40,Sand_DeadVeg,60,1,0,1,Over_50,Train,,
M6,7,Jul,Y,0,100,40,Sand_DeadVeg,60,1,0,1,Over_50,Train,,
M6,7,Jul,Y,0,100,40,Sand_DeadVeg,60,1,0,1,Over_50,Train,,
M6,7,Jul,Y,0,100,40,Sand_DeadVeg,60,1,0,1,Over_50,Train,,
M3,7,Aug,N,0,100,100,DeadVeg,0,0,1.5,1.75,0,Train,,
M3,7,Jul,N,0,100,100,DeadVeg,0,0,1.5,1.75,0,Train,,
M1,7,Apr,N,0,1,20,Sand_DeadVeg,80,2,0,2,Over_50,Train,,
M1,7,Apr,N,0,1,20,Sand_DeadVeg,80,2,0,2,Over_50,Train,,
M1,7,Aug,N,0,1,20,Sand_DeadVeg,80,2,0,2,Over_50,Train,,
M1,7,Aug,N,0,1,20,Sand_DeadVeg,80,2,0,2,Over_50,Train,,
M1,7,Jul,Y,0,1,20,Sand_DeadVeg,80,2,0,2,Over_50,Train,,
M1,7,Jun,N,0,1,20,Sand_DeadVeg,80,2,0,2,Over_50,Train,,
M1,7,Jun,N,0,1,20,Sand_DeadVeg,80,2,0,2,Over_50,Train,,
M1,7,Jun,N,0,1,20,Sand_DeadVeg,80,2,0,2,Over_50,Train,,
M1,7,Jun,Y,0,1,20,Sand_DeadVeg,80,2,0,2,Over_50,Train,,
CA55,8,Oct,,0,20,0,Gravel_allu,100,0.1,0,0.1,Less_50,Test,30.72775,104.97186
CA57,8,May,,0,2.5,100,Gravel_allu,0,0,0.5,0.1,0,Test,30.7708,105.0207
CA58,8,Sep,,0,100,50,Sand,50,0.2,0,0.2,Less_50,Test,30.73074,104.98953
CA70,8,May,,40,0,60,Gravel_allu,0,0,0.6,0.2,0,Test,30.77322,105.01662
CA52,8,Sep,,70,0,15,Gravel_allu,25,0.3,0,0.3,Over_50,Test,30.73454,104.99449
CA73,8,Jun,,0,5,60,Gravel_allu,40,0.3,0,0.3,Less_50,Test,30.73133,104.98182
CA64,8,Apr,,90,0,10,Gravel_allu,0,0,0.5,0.3,Over_50,Test,30.73586,104.97804
CA65,8,Aug,,0,1.5,70,Gravel_allu,30,0.4,0,0.4,0,Test,30.74314,105.01102
CA63,8,Aug,,0,100,30,Gravel_allu,70,0.4,0,0.4,Less_50,Test,30.77557,105.01423
CA55,8,Sep,,0,6,90,Sand,10,0.5,0,0.5,Less_50,Test,30.72786,104.97172
CA56,8,Sep,,0,15,30,Sand,70,0.5,0,0.5,Over_50,Test,30.72853,104.97224
CA56,8,Jul,,0,4,80,Gravel_allu,20,0.6,0,0.6,Less_50,Test,30.72837,104.97249
CA56,8,Sep,,0,100,70,Sand,30,0.6,0,0.6,Over_50,Test,30.7282,104.97243
CA73,8,Jul,,100,0,0,Gravel_allu,0,0,0.5,0.6,Over_50,Test,30.73159,104.98477
CA68,8,Oct,,0,100,100,Gravel_allu,0,0,0.7,0.6,0,Test,30.73784,104.98397
CA59,8,May,,0,1.5,90,Gravel_allu,10,0.7,0,0.7,Less_50,Test,30.77729,105.01735
CA59,8,Aug,,0,10,80,Gravel_allu,20,0.7,0,0.7,Over_50,Test,30.77795,105.01656
CA63,8,Jun,,0,10,90,Gravel_allu,10,0.7,0,0.7,0,Test,30.77283,105.01219
CA73,8,Aug,,0,5,30,Sand,70,0.7,0,0.7,Over_50,Test,30.73199,104.9857
CA62,8,Jul,,0,2,70,Gravel_allu,30,0.8,0,0.8,Over_50,Test,30.73149,104.98946
CA72,8,May,,0,1.5,70,Sand,30,0.8,0,0.8,Less_50,Test,30.73916,104.98877
CA70,8,Oct,,0,3,80,Sand,20,0.9,0,0.9,Over_50,Test,30.77298,105.01362
CA63,8,May,,0,2,20,Gravel_allu,80,1,0,1,Over_50,Test,30.77514,105.0163
CA65,8,Oct,,0,100,0,Gravel_allu,100,1,0,1,Over_50,Test,30.74498,105.00724
CA68,8,Apr,,0,1.2,100,Gravel_allu,0,0,0.8,1,0,Test,30.73767,104.98401
CA72,8,May,,40,0,40,Gravel_allu,20,1.5,0,1.5,Less_50,Test,30.72882,104.98987
CA56,8,Aug,,0,100,90,Gravel_allu,10,1.5,0,1.5,Less_50,Test,30.72807,104.97259
CA52,8,May,,0,20,100,Sand,0,0,1.5,1.5,0,Test,30.73051,104.98981
CA73,8,Sep,,0,3,20,Sand,80,2,0,2,Over_50,Test,30.73158,104.98605
M13,8,Jul,N,0,10,90,Sand,10,0.1,0,0.1,0,Train,,
M5,8,Jul,Y,0,4,60,Sand,40,0.25,0,0.25,0,Train,,
M5,8,Jun,Y,0,4,60,Sand,40,0.25,0,0.25,0,Train,,
M5,8,Oct,Y,0,4,60,Sand,40,0.25,0,0.25,0,Train,,
M15,8,Jul,N,0,100,100,Sand,0,0,0.75,0.3,0,Train,,
M15,8,Oct,Y,0,100,100,Sand,0,0,0.75,0.3,0,Train,,
M15,8,Oct,Y,0,100,100,Sand,0,0,0.75,0.3,0,Train,,
M15,8,Oct,Y,0,100,100,Sand,0,0,0.75,0.3,0,Train,,
M8,8,Sep,N,0,100,40,Sand_DeadVeg,60,0.5,0,0.5,Over_50,Train,,
M8,8,Sep,N,0,100,40,Sand_DeadVeg,60,0.5,0,0.5,Over_50,Train,,
M7,8,Aug,N,0,100,10,Sand,90,1,0,1,Over_50,Train,,
M9,8,Sep,N,0,100,60,Sand,40,1,0,1,Over_50,Train,,
M9,8,Sep,N,0,100,60,Sand,40,1,0,1,Over_50,Train,,
M9,8,Sep,N,0,100,60,Sand,40,1,0,1,Over_50,Train,,
M6,8,Aug,N,0,100,40,Sand_DeadVeg,60,1,0,1,Over_50,Train,,
M4,8,Aug,Y,0,0.6,100,Sand,0,0,1.5,1.25,0,Train,,
M10,8,Aug,N,0,100,60,Sand,40,1.5,0,1.5,Over_50,Train,,
M10,8,Sep,N,0,100,60,Sand,40,1.5,0,1.5,Over_50,Train,,
M3,8,Jul,Y,0,100,100,DeadVeg,0,0,1.5,1.75,0,Train,,
M3,8,Jul,Y,0,100,100,DeadVeg,0,0,1.5,1.75,0,Train,,
M3,8,May,Y,0,100,100,DeadVeg,0,0,1.5,1.75,0,Train,,
M3,8,May,Y,0,100,100,DeadVeg,0,0,1.5,1.75,0,Train,,
M3,8,May,Y,0,100,100,DeadVeg,0,0,1.5,1.75,0,Train,,
M3,8,May,Y,0,100,100,DeadVeg,0,0,1.5,1.75,0,Train,,
M3,8,Sep,N,0,100,100,DeadVeg,0,0,1.5,1.75,0,Train,,
M3,8,Sep,N,0,100,100,DeadVeg,0,0,1.5,1.75,0,Train,,
M1,8,Jun,N,0,1,20,Sand_DeadVeg,80,2,0,2,Over_50,Train,,
M1,8,Oct,N,0,1,20,Sand_DeadVeg,80,2,0,2,Over_50,Train,,
CA66,9,Oct,,20,0,70,Gravel_allu,10,0.2,0,0.2,0,Test,30.73094,104.98582
CA68,9,Sep,,0,2,90,Gravel_allu,10,0.3,0,0.3,0,Test,30.73697,104.98337
CA68,9,Oct,,0,4,70,Gravel_allu,30,0.3,0,0.3,Less_50,Test,30.73806,104.98437
CA57,9,May,,0,100,80,Gravel_allu,20,0.3,0,0.3,Less_50,Test,30.77032,105.02235
CA66,9,May,,10,0,20,Gravel_allu,70,0.4,0,0.4,Over_50,Test,30.73096,104.98631
CA72,9,Apr,,0,1.2,60,Gravel_allu,40,0.4,0,0.4,Over_50,Test,30.73867,104.98923
CA66,9,Sep,,60,0,10,Sand,30,0.4,0,0.4,Over_50,Test,30.72758,104.98415
CA64,9,Jun,,0,1,50,Gravel_allu,50,0.5,0,0.5,Over_50,Test,30.73352,104.97726
CA71,9,Apr,,0,100,20,Gravel_allu,80,0.5,0,0.5,Over_50,Test,30.73001,104.98985
CA71,9,May,,0,100,10,Gravel_allu,90,0.5,0,0.5,Over_50,Test,30.73001,104.98982
CA63,9,Jun,,0,100,100,Gravel_allu,0,0,0.8,0.5,Over_50,Test,30.77494,105.0155
CA73,9,Apr,,0,100,50,Gravel_allu,50,0.6,0,0.6,Over_50,Test,30.73187,104.98542
CA73,9,Apr,,0,5,70,Gravel_allu,30,0.7,0,0.7,Less_50,Test,30.73189,104.98574
CA65,9,Apr,,0,100,10,Gravel_allu,90,0.7,0,0.7,Over_50,Test,30.74363,105.01235
CA62,9,Apr,,0,2.5,100,Gravel_allu,0,0,0.8,0.7,0,Test,30.73268,104.98863
CA68,9,Jun,,0,1,100,Gravel_allu,0,0,1.5,0.8,0,Test,30.73647,104.98302
CA69,9,Aug,,0,100,10,Gravel_allu,90,1,0,1,Over_50,Test,30.77562,105.01425
CA56,9,Aug,,0,2.5,60,Sand,40,1,0,1,Over_50,Test,30.7282,104.97263
CA72,9,Oct,,0,100,40,Sand,60,1,0,1,Less_50,Test,30.73245,104.98623
CA76,9,Sep,,0,100,0,Gravel_allu,100,1.2,0,1.2,Over_50,Test,30.74242,105.00971
CA71,9,Jul,,0,100,40,Gravel_allu,60,1.4,0,1.4,Over_50,Test,30.73088,104.98901
CA56,9,Jul,,0,2,95,Gravel_allu,5,1.5,0,1.5,Less_50,Test,30.72835,104.97273
CA56,9,May,,0,2,30,Sand,70,1.5,0,1.5,Over_50,Test,30.72821,104.97264
CA55,9,Oct,,0,1.5,80,Sand,20,3,0,3,Over_50,Test,30.72789,104.97168
CA58,9,Jul,,0,15,30,Sand,70,3,0,3,Over_50,Test,30.73153,104.98878
M2,9,Oct,N,0,100,40,Sand_DeadVeg,60,0.25,0,0.25,0,Train,,
M15,9,Aug,N,0,100,100,Sand,0,0,0.75,0.3,0,Train,,
M27,9,Sep,Y,0,15,95,Gravel_allu,5,0.4,0,0.4,0,Train,,
M12,9,Oct,N,0,100,100,Sand,0,0,0.5,0.5,0,Train,,
M7,9,Oct,N,0,100,10,Sand,90,1,0,1,Over_50,Train,,
M9,9,Sep,N,0,100,60,Sand,40,1,0,1,Over_50,Train,,
M3,9,Sep,N,0,100,100,DeadVeg,0,0,1.5,1.75,0,Train,,
M1,9,Aug,N,0,1,20,Sand_DeadVeg,80,2,0,2,Over_50,Train,,
M1,9,Oct,N,0,1,20,Sand_DeadVeg,80,2,0,2,Over_50,Train,,
CA53,10,Oct,,0,1,70,Gravel_allu,30,0.2,0,0.2,0,Test,30.78019,104.98618
CA58,10,Oct,,0,3,80,Gravel_allu,20,0.2,0,0.2,0,Test,30.73001,104.98991
CA64,10,Oct,,0,3,90,Sand,10,0.2,0,0.2,Less_50,Test,30.72589,104.98017
CA67,10,Apr,,20,0,10,Gravel_allu,70,0.3,0,0.3,Over_50,Test,30.78481,104.98844
CA62,10,Apr,,0,2,60,Gravel_allu,40,0.3,0,0.3,Over_50,Test,30.73269,104.98962
CA60,10,Oct,,0,2,50,Gravel_allu,50,0.3,0,0.3,Over_50,Test,30.71368,104.97082
CA67,10,Apr,,70,0,20,Sand,10,0.3,0,0.3,Over_50,Test,30.78531,104.98891
CA66,10,Apr,,100,0,0,Gravel_allu,0,0,0.7,0.4,Over_50,Test,30.73117,104.98763
CA66,10,Apr,,20,0,60,Gravel_allu,20,0.5,0,0.5,Less_50,Test,30.73097,104.98632
CA68,10,Apr,,0,1,60,Gravel_allu,40,0.5,0,0.5,Over_50,Test,30.73803,104.98437
CA63,10,Jul,,100,0,0,Gravel_allu,0,0,0.6,0.5,Over_50,Test,30.77313,105.0134
CA62,10,Sep,,0,2,90,Gravel_allu,10,0.7,0,0.7,Less_50,Test,30.73246,104.99005
CA72,10,Sep,,0,2,90,Gravel_allu,10,0.7,0,0.7,Less_50,Test,30.73246,104.99005
CA63,10,Aug,,0,7,100,Gravel_allu,0,0,0.7,0.7,0,Test,30.77141,105.01009
CA74,10,Apr,,0,5,70,Gravel_allu,30,0.8,0,0.8,Less_50,Test,30.73631,105.00354
CA68,10,Sep,,0,2,60,Gravel_allu,30,1,0,1,Over_50,Test,30.73666,104.98312
CA59,10,Jul,,0,100,10,Sand,90,1,0,1,Over_50,Test,30.77806,105.01819
CA64,10,Oct,,0,7,30,Sand,70,1.2,0,1.2,Over_50,Test,30.72567,104.98141
CA65,10,Jul,,0,100,40,Sand,60,1.2,0,1.2,Less_50,Test,30.74306,105.00937
CA76,10,Jun,,0,100,50,Gravel_allu,50,1.6,0,1.6,Over_50,Test,30.74267,104.01134
CA70,10,May,,0,100,80,Gravel_allu,20,1.8,0,1.8,Over_50,Test,30.77325,105.01566
CA61,10,Jul,,0,10,90,Sand,10,1.8,0,1.8,Over_50,Test,30.73013,104.98891
M5,10,Oct,N,0,4,60,Sand,40,0.25,0,0.25,0,Train,,
M5,10,Sep,N,0,4,60,Sand,40,0.25,0,0.25,0,Train,,
M20,10,Oct,N,0,15,100,Gravel_allu,0,0,0.75,0.3,0,Train,,
M9,10,Sep,N,0,100,60,Sand,40,1,0,1,Over_50,Train,,
M4,10,Aug,Y,0,0.6,100,Sand,0,0,1.5,1.25,0,Train,,
M10,10,Jul,Y,0,100,60,Sand,40,1.5,0,1.5,Over_50,Train,,
M3,10,Aug,Y,0,100,100,DeadVeg,0,0,1.5,1.75,0,Train,,
M3,10,Sep,N,0,100,100,DeadVeg,0,0,1.5,1.75,0,Train,,
M3,10,Sep,N,0,100,100,DeadVeg,0,0,1.5,1.75,0,Train,,
M1,10,Jun,Y,0,1,20,Sand_DeadVeg,80,2,0,2,Over_50,Train,,
CA53,11,Sep,,20,0,50,Gravel_allu,30,0.2,0,0.2,Over_50,Test,30.78062,104.9855
CA62,11,Sep,,90,0,10,Gravel_allu,0,0,0.6,0.3,Over_50,Test,30.73256,104.98865
CA64,11,Oct,,100,0,0,Gravel_allu,0,0,0.6,0.3,Over_50,Test,30.73608,104.97803
CA69,11,Apr,,0,100,100,Gravel_allu,0,0,0.7,0.3,Over_50,Test,30.77425,105.01641
CA52,11,Oct,,0,4,100,Gravel_allu,0,0,1,0.3,0,Test,30.73392,104.99106
CA53,11,May,,20,0,40,Gravel_allu,40,0.4,0,0.4,Over_50,Test,30.78018,104.98633
CA54,11,Oct,,40,0,60,Gravel_allu,0,0,0.75,0.4,Less_50,Test,30.77256,105.02015
CA74,11,May,,100,0,0,Gravel_allu,0,0,0.8,0.4,Over_50,Test,30.73582,105.0034
CA59,11,Oct,,5,0,5,Gravel_allu,90,0.5,0,0.5,Over_50,Test,30.77769,105.01659
CA53,11,Oct,,95,0,0,Gravel_allu,5,0.5,0,0.5,Over_50,Test,30.78011,104.9863
CA76,11,May,,100,0,0,Gravel_allu,0,0,0.6,0.6,Over_50,Test,30.78712,105.98831
CA73,11,Oct,,0,2.5,30,Gravel_allu,70,0.7,0,0.7,Over_50,Test,30.73146,104.98553
CA65,11,Aug,,0,100,40,Sand,60,0.7,0,0.7,Over_50,Test,30.74305,105.00925
CA65,11,Apr,,100,0,0,Gravel_allu,0,0,0.7,0.7,Over_50,Test,30.74438,105.01018
CA59,11,Apr,,0,2,0,Gravel_allu,100,0.75,0,0.75,Over_50,Test,30.77796,105.01648
CA67,11,Oct,,0,2,70,Gravel_allu,30,0.8,0,0.8,Over_50,Test,30.78694,104.98812
CA76,11,Oct,,0,100,0,Gravel_allu,100,0.9,0,0.9,Less_50,Test,30.74602,105.00867
CA68,11,Aug,,0,100,20,Gravel_allu,80,1,0,1,Over_50,Test,30.73661,104.98127
CA69,11,Apr,,0,1,10,Sand,90,1,0,1,Over_50,Test,30.77565,105.01691
CA74,11,Apr,,100,0,0,Gravel_allu,0,0,0.7,1,Less_50,Test,30.73599,105.00376
CA69,11,Apr,,0,100,40,Gravel_allu,60,1.2,0,1.2,Less_50,Test,30.7736,105.01594
CA69,11,Aug,,0,3,0,Gravel_allu,100,1.2,0,1.2,Over_50,Test,30.77262,105.01637
CA69,11,May,,0,2.5,70,Sand,30,1.3,0,1.3,Over_50,Test,30.77439,105.01742
CA67,11,Oct,,0,1.2,50,Gravel_allu,50,1.8,0,1.8,Over_50,Test,30.78776,104.98739
CA62,11,Oct,,0,4,0,Gravel_allu,100,2,0,2,Over_50,Test,30.7307,104.98911
CA52,11,Jul,,60,0,40,Sand,0,0,15,2,Over_50,Test,30.7321,104.9916
M8,11,Jul,Y,0,100,40,Sand_DeadVeg,60,0.5,0,0.5,Over_50,Train,,
M4,11,Aug,Y,0,0.6,100,Sand,0,0,1.5,1.25,0,Train,,
M10,11,Jul,N,0,100,60,Sand,40,1.5,0,1.5,Over_50,Train,,
M1,11,Jun,N,0,1,20,Sand_DeadVeg,80,2,0,2,Over_50,Train,,
CA52,12,Oct,,0,1.5,60,Gravel_allu,40,0.3,0,0.3,Less_50,Test,30.73425,104.99026
CA60,12,Oct,,50,0,50,Gravel_allu,0,0,0.75,0.3,Over_50,Test,30.71345,104.97089
CA76,12,Apr,,100,0,0,Gravel_allu,0,0,0.8,0.3,Over_50,Test,30.74439,105.01237
CA61,12,Apr,,40,0,20,Gravel_allu,40,0.4,0,0.4,Over_50,Test,30.72982,104.9894
CA64,12,Apr,,0,0.6,50,Gravel_allu,50,0.4,0,0.4,Over_50,Test,30.73443,104.97811
CA63,12,Apr,,0,100,20,Gravel_allu,80,0.4,0,0.4,Over_50,Test,30.77321,105.01494
CA64,12,Oct,,60,0,0,Gravel_allu,40,0.4,0,0.4,Over_50,Test,30.72641,104.97812
CA70,12,Apr,,90,0,0,Gravel_allu,10,0.4,0,0.4,Over_50,Test,30.77177,105.01513
CA70,12,Apr,,100,0,0,Gravel_allu,0,0,0.7,0.4,Over_50,Test,30.77177,105.01511
CA64,12,Apr,,0,1.5,70,Gravel_allu,30,0.5,0,0.5,Over_50,Test,30.73448,104.97821
CA70,12,Aug,,0,1.5,20,Gravel_allu,80,0.5,0,0.5,Over_50,Test,30.77045,105.00597
CA66,12,Oct,,0,2.5,50,Gravel_allu,50,0.5,0,0.5,Over_50,Test,30.73035,104.98633
CA67,12,Aug,,0,100,20,Gravel_allu,80,0.5,0,0.5,Over_50,Test,30.78483,104.98721
CA61,12,May,,100,0,0,Gravel_allu,0,0,0.7,0.5,Over_50,Test,30.73058,104.99021
CA69,12,Sep,,20,0,0,Gravel_allu,80,0.7,0,0.7,Over_50,Test,30.77721,105.01782
CA64,12,Jul,,0,0.6,40,Sand,60,0.7,0,0.7,Over_50,Test,30.73139,104.97962
CA61,12,Apr,,10,0,10,Sand,80,0.75,0,0.75,Over_50,Test,30.72987,104.98936
CA58,12,Apr,,0,100,10,Gravel_allu,90,1,0,1,Over_50,Test,30.73008,104.99017
CA63,12,Apr,,0,100,50,Gravel_allu,50,1.2,0,1.2,Over_50,Test,30.77323,105.01406
CA56,12,Sep,,0,20,30,Sand,70,1.4,0,1.4,Over_50,Test,30.72859,104.97243
CA68,12,Apr,,0,2.5,0,Gravel_allu,100,1.8,0,1.8,Over_50,Test,30.73983,104.98463
CA53,12,Oct,,0,2,0,Gravel_allu,100,2,0,2,Over_50,Test,30.7806,104.98597
CA56,12,Sep,,0,100,0,Gravel_allu,100,2,0,2,Over_50,Test,30.72791,104.97255
CA53,12,May,,0,2.5,30,Sand,70,2,0,2,Over_50,Test,30.7815,104.98375
CA58,12,Jul,,50,0,40,Sand,10,2.5,10,2.5,Over_50,Test,30.73011,104.98875
CA65,12,Oct,,40,0,20,Gravel_allu,40,3,0,3,Over_50,Test,30.74232,105.00851
M16,12,Apr,N,0,15,90,Gravel_allu,10,0.25,0,0.25,0,Train,,
M5,12,Jul,Y,0,4,60,Sand,40,0.25,0,0.25,0,Train,,
M12,12,Sep,N,0,100,100,Sand,0,0,0.5,0.5,0,Train,,
M10,12,Oct,N,0,100,60,Sand,40,1.5,0,1.5,Over_50,Train,,
M10,12,Oct,N,0,100,60,Sand,40,1.5,0,1.5,Over_50,Train,,
M10,12,Oct,N,0,100,60,Sand,40,1.5,0,1.5,Over_50,Train,,
M10,12,Sep,N,0,100,60,Sand,40,1.5,0,1.5,Over_50,Train,,
CA55,13,Oct,,0,15,20,Sand,80,0.2,0,0.2,Over_50,Test,30.72779,104.97173
CA66,13,Apr,,80,0,10,Gravel_allu,10,0.3,0,0.3,Over_50,Test,30.73122,104.98768
CA63,13,Jun,,0,100,0,Gravel_allu,100,0.3,0,0.3,Over_50,Test,30.77418,105.01318
CA66,13,May,,10,0,20,Gravel_allu,70,0.4,0,0.4,Over_50,Test,30.73097,104.98633
CA65,13,Apr,,0,5,20,Gravel_allu,80,0.4,0,0.4,Over_50,Test,30.74398,105.01248
CA74,13,Apr,,70,0,10,Sand,20,0.5,0,0.5,Over_50,Test,30.73292,105.00221
CA55,13,Sep,,0,6,90,Sand,10,0.5,0,0.5,Less_50,Test,30.72787,104.97171
CA70,13,Sep,,0,100,60,Gravel_allu,40,0.8,0,0.8,Over_50,Test,30.772,105.0108
CA70,13,Apr,,0,2.5,30,Gravel_allu,70,1,0,1,Over_50,Test,30.77145,105.01525
CA62,13,Oct,,0,2.5,10,Gravel_allu,90,1,0,1,Over_50,Test,30.73274,104.98961
CA63,13,Apr,,0,100,30,Gravel_allu,70,1,0,1,Over_50,Test,30.77184,105.01164
CA62,13,Jul,,0,100,60,Gravel_allu,40,1,0,1,Over_50,Test,30.73125,104.98956
CA69,13,Aug,,0,2.5,0,Gravel_allu,100,1,0,1,Over_50,Test,30.7754,105.01466
CA68,13,May,,40,0,20,Sand,30,1.2,0,1.2,Over_50,Test,30.73815,104.98312
CA59,13,Jul,,0,100,50,Gravel_allu,50,1.3,0,1.3,Over_50,Test,30.77566,105.01716
CA73,13,Sep,,0,2,40,Sand,60,1.3,0,1.3,Over_50,Test,30.73212,104.98607
CA76,13,Sep,,0,100,20,Sand,80,1.4,0,1.4,Over_50,Test,30.7429,105.0097
CA59,13,Aug,,0,5,20,Gravel_allu,80,1.5,0,1.5,Over_50,Test,30.77633,105.01586
CA76,13,Aug,,0,100,10,Gravel_allu,90,1.6,0,1.6,Over_50,Test,30.74291,105.01192
CA61,13,Apr,,0,4,20,Gravel_allu,80,2,0,2,Over_50,Test,30.73019,104.99022
CA70,13,Apr,,0,100,20,Gravel_allu,80,2.5,0,2.5,Over_50,Test,30.77315,105.01543
CA55,13,Sep,,0,1.25,80,Sand,20,3,0,3,Over_50,Test,30.72785,104.97166
M7,13,Apr,N,0,100,10,Sand,90,1,0,1,Over_50,Train,,
M7,13,Apr,N,0,100,10,Sand,90,1,0,1,Over_50,Train,,
M3,13,Apr,Y,0,100,100,DeadVeg,0,0,1.5,1.75,0,Train,,
M3,13,Apr,Y,0,100,100,DeadVeg,0,0,1.5,1.75,0,Train,,
CA70,14,Aug,,90,0,0,Gravel_allu,10,0.1,0,0.1,Over_50,Test,30.76949,105.00689
CA67,14,May,,40,0,40,Gravel_allu,20,0.2,0,0.2,Over_50,Test,30.78677,104.98902
CA62,14,Apr,,40,0,30,Gravel_allu,30,0.3,0,0.3,Over_50,Test,30.73322,104.98896
CA54,14,Oct,,50,0,10,Gravel_allu,40,0.3,0,0.3,Over_50,Test,30.77225,105.02022
CA72,14,Apr,,80,0,20,Gravel_allu,0,0,0.6,0.3,Over_50,Test,30.72854,104.9893
CA52,14,Oct,,30,0,60,Gravel_allu,10,0.4,0,0.4,Over_50,Test,30.73417,104.99148
CA72,14,Apr,,70,0,20,Gravel_allu,10,0.5,0,0.5,Over_50,Test,30.72852,104.98931
CA65,14,Apr,,0,1,70,Gravel_allu,30,0.5,0,0.5,Over_50,Test,30.74472,105.01192
CA71,14,Aug,,0,2.5,30,Gravel_allu,70,0.5,0,0.5,Over_50,Test,30.73165,104.98945
CA66,14,Oct,,0,3,30,Gravel_allu,70,0.5,0,0.5,Over_50,Test,30.72813,104.98322
CA58,14,Apr,,0,6,20,Gravel_allu,80,0.5,0,0.5,Over_50,Test,30.73004,104.99045
CA58,14,Apr,,0,10,0,Gravel_allu,100,0.6,0,0.6,Over_50,Test,30.72996,104.98998
CA62,14,Apr,,0,3,50,Gravel_allu,50,0.7,0,0.7,Over_50,Test,30.73273,104.98968
CA52,14,Sep,,80,0,0,Gravel_allu,20,0.7,0,0.7,Over_50,Test,30.73397,104.99401
CA64,14,Sep,,0,7,80,Gravel_allu,20,0.8,0,0.8,Less_50,Test,30.7247,104.98193
CA65,14,Oct,,0,100,0,Gravel_allu,100,0.8,0,0.8,Over_50,Test,30.74324,105.00927
CA59,14,Aug,,0,0.7,40,Gravel_allu,60,1,0,1,Over_50,Test,30.77534,105.01447
CA69,14,Aug,,0,0.8,30,Gravel_allu,70,1,0,1,Over_50,Test,30.77572,105.01928
CA69,14,Apr,,0,100,20,Gravel_allu,80,1,0,1,Over_50,Test,30.77451,105.01694
CA54,14,Oct,,0,3,0,Gravel_allu,100,1,0,1,Over_50,Test,30.77228,105.01996
CA76,14,Sep,,0,100,0,Gravel_allu,100,1.2,0,1.2,Over_50,Test,30.74644,105.00892
CA70,14,Aug,,0,2,70,Gravel_allu,30,1.3,0,1.3,Over_50,Test,30.77315,105.01342
CA73,14,Aug,,0,2,30,Sand,70,1.3,0,1.3,Over_50,Test,30.73118,104.98623
CA76,14,Sep,,0,100,0,Gravel_allu,100,1.4,0,1.4,Over_50,Test,30.74624,105.00893
CA52,14,Apr,,0,1.5,20,Gravel_allu,80,1.5,0,1.5,Over_50,Test,30.73406,104.99248
CA52,14,Apr,,0,1.5,20,Gravel_allu,80,1.5,0,1.5,Over_50,Test,30.73398,104.99249
CA63,14,Jul,,0,100,10,Gravel_allu,90,1.5,0,1.5,Over_50,Test,30.77359,105.01266
CA73,14,Sep,,30,0,40,Sand,30,1.5,0,1.5,Over_50,Test,30.73109,104.9861
CA53,14,Aug,,0,2,20,Sand,80,1.5,0,1.5,Over_50,Test,30.78238,104.98479
CA73,14,Sep,,0,1.3,20,Sand,80,1.7,0,1.7,Over_50,Test,30.73177,104.98605
CA73,14,Apr,,0,5,80,Sand,20,2,0,2,Over_50,Test,30.73175,104.98608
CA55,14,Oct,,50,0,10,Sand,40,3,0,3,Over_50,Test,30.72782,104.97175
M1,14,Aug,Y,0,1,20,Sand_DeadVeg,80,2,0,2,Over_50,Train,,
CA67,15,Apr,,60,0,10,Gravel_allu,20,0.2,0,0.2,Over_50,Test,30.78468,104.98826
CA62,15,Aug,,70,0,20,Gravel_allu,10,0.3,0,0.3,Over_50,Test,30.7331,104.98949
CA68,15,Apr,,50,0,50,Gravel_allu,0,0,0.7,0.3,Over_50,Test,30.73894,104.98573
CA70,15,Apr,,100,0,0,Gravel_allu,0,0,0.7,0.3,Over_50,Test,30.77094,105.01578
CA65,15,Jun,,0,3,90,Gravel_allu,10,0.4,0,0.4,0,Test,30.74477,105.01143
CA67,15,Apr,,40,0,10,Gravel_allu,50,0.5,0,0.5,Over_50,Test,30.78526,104.98883
CA62,15,Oct,,0,10,40,Gravel_allu,60,0.5,0,0.5,Less_50,Test,30.73203,104.98955
CA76,15,Sep,,0,100,70,Gravel_allu,30,0.5,0,0.5,Less_50,Test,30.74214,105.01272
CA67,15,Apr,,0,2.5,0,Gravel_allu,100,0.5,0,0.5,Over_50,Test,30.78706,104.9886
CA71,15,Jun,,0,5,0,Gravel_allu,100,0.5,0,0.5,Over_50,Test,30.7308,104.98914
CA56,15,Apr,,0,15,20,Sand,80,0.5,0,0.5,Over_50,Test,30.72927,104.97308
CA52,15,May,,100,0,0,Gravel_allu,0,0,0.7,0.5,Over_50,Test,30.73326,104.99224
CA72,15,Oct,,0,1,40,Gravel_allu,60,0.6,0,0.6,Over_50,Test,30.72908,104.98894
CA67,15,Apr,,30,0,30,Gravel_allu,60,0.7,0,0.7,Over_50,Test,30.78527,104.98886
CA57,15,Sep,,45,0,5,Sand,50,0.75,0,0.75,Over_50,Test,30.77255,105.02197
CA65,15,Aug,,0,1,20,Gravel_allu,80,0.8,0,0.8,Over_50,Test,30.7442,105.01257
CA65,15,Oct,,0,100,10,Sand,90,0.8,0,0.8,Over_50,Test,30.74293,105.00983
CA62,15,Sep,,0,100,20,Sand,80,0.8,0,0.8,Over_50,Test,30.73101,104.98909
CA68,15,Oct,,0,2,20,Gravel_allu,80,0.9,0,0.9,Less_50,Test,30.73811,104.98487
CA74,15,Apr,,80,0,0,Gravel_allu,20,1,0,1,Over_50,Test,30.73659,105.00207
CA70,15,Jul,,0,2,20,Gravel_allu,80,1.2,0,1.2,Over_50,Test,30.77404,105.01509
CA73,15,Apr,,0,5,0,Gravel_allu,100,1.2,0,1.2,Over_50,Test,30.7315,104.98509
CA66,15,Sep,,0,5,20,Gravel_allu,80,1.3,0,1.3,Over_50,Test,30.72946,104.98599
CA52,15,Apr,,0,1.5,20,Gravel_allu,80,1.5,0,1.5,Over_50,Test,30.733397,104.99255
CA54,15,Sep,,0,25,50,Gravel_allu,50,1.5,0,1.5,Over_50,Test,30.77643,105.01595
CA67,15,Oct,,20,0,0,Gravel_allu,80,1.5,0,1.5,Over_50,Test,30.79211,104.99302
CA66,15,Oct,,0,1.2,10,Sand,90,1.5,0,1.5,Over_50,Test,30.72865,104.98737
CA53,15,Jul,,0,2,20,Sand,80,1.5,0,1.5,Over_50,Test,30.78237,104.98482
CA56,15,Sep,,0,3,80,Sand,20,1.5,0,1.5,Over_50,Test,30.72816,104.9726
CA59,15,Oct,,0,2,50,Gravel_allu,50,2,0,2,Over_50,Test,30.77798,105.01646
CA55,15,Sep,,30,0,20,Sand,50,2.5,0,2.5,Over_50,Test,30.72786,104.97168
M9,15,Sep,N,0,100,60,Sand,40,1,0,1,Over_50,Train,,
CA74,16,Apr,,70,0,20,Gravel_allu,10,0.3,0,0.3,Over_50,Test,30.73514,105.0009
CA58,16,Oct,,0,100,20,Gravel_allu,80,0.3,0,0.3,Over_50,Test,30.72991,104.99015
CA73,16,Jun,,0,5,20,Gravel_allu,80,0.4,0,0.4,Less_50,Test,30.73202,104.98534
CA66,16,Sep,,60,0,10,Sand,30,0.4,0,0.4,Over_50,Test,30.72762,104.98418
CA65,16,Apr,,40,0,60,Gravel_allu,0,0,0.5,0.4,Over_50,Test,30.74517,105.00977
CA66,16,Apr,,100,0,0,Gravel_allu,0,0,0.6,0.4,Over_50,Test,30.7306,104.98759
CA65,16,Apr,,0,1,60,Gravel_allu,40,0.5,0,0.5,Over_50,Test,30.74473,105.01193
CA68,16,Sep,,0,5,40,Gravel_allu,60,0.5,0,0.5,Over_50,Test,30.74013,104.98644
CA54,16,Sep,,0,10,60,Gravel_allu,40,0.5,0,0.5,Over_50,Test,30.7716,105.0172
CA64,16,Aug,,0,100,30,Gravel_allu,70,0.5,0,0.5,Over_50,Test,30.73013,104.9797
CA64,16,Oct,,0,0.5,20,Sand,80,0.5,0,0.5,Over_50,Test,30.72705,104.98093
CA69,16,May,,0,3,20,Gravel_allu,80,0.6,0,0.6,Over_50,Test,30.7753,105.01801
CA74,16,Oct,,0,5,20,Gravel_allu,80,0.8,0,0.8,Over_50,Test,30.73221,105.00224
CA56,16,Aug,,0,100,50,Gravel_allu,0,1,0,1,Over_50,Test,30.72736,104.97127
CA54,16,Oct,,0,3,0,Gravel_allu,100,1,0,1,Over_50,Test,30.77231,105.01994
CA64,16,Sep,,100,0,0,Gravel_allu,0,0,0.7,1,Over_50,Test,30.72906,104.98164
CA65,16,Aug,,70,0,20,Gravel_allu,10,1.3,0,1.3,Over_50,Test,30.7439,105.01116
CA66,16,Jun,,0,100,40,Gravel_allu,60,1.3,0,1.3,Over_50,Test,30.73136,104.98604
CA68,16,Aug,,10,0,20,Sand,70,1.5,0,1.5,Over_50,Test,30.7384,104.98537
CA53,16,Jul,,0,2,50,Sand,50,1.75,0,1.75,Over_50,Test,30.77871,104.98177
CA64,16,Apr,,0,2,30,Gravel_allu,70,1.8,0,1.8,Over_50,Test,30.73433,104.979
CA72,16,Oct,,0,0.7,10,Sand,90,2,0,2,Over_50,Test,30.72902,104.98866
CA70,16,May,,0,100,20,Gravel_allu,80,2.5,0,2.5,Over_50,Test,30.77315,105.0154
M7,16,Jul,Y,0,100,10,Sand,90,1,0,1,Over_50,Train,,
M1,16,Sep,Y,0,1,20,Sand_DeadVeg,80,2,0,2,Over_50,Train,,
CA70,17,Jul,,0,2,40,Gravel_allu,60,0.3,0,0.3,Less_50,Test,30.77246,105.01657
CA72,17,Apr,,80,0,20,Gravel_allu,0,0,0.6,0.3,Over_50,Test,30.72851,104.9893
CA59,17,Jun,,0,10,100,Gravel_allu,0,0,0.7,0.3,Over_50,Test,30.77694,105.01843
CA75,17,Oct,,0,3,90,Gravel_allu,10,0.4,0,0.4,Less_50,Test,30.76408,105.0092
CA67,17,Jun,,100,0,0,Gravel_allu,0,0,1,0.4,Over_50,Test,30.78715,104.98792
CA65,17,Oct,,0,1.5,90,Gravel_allu,10,0.5,0,0.5,0,Test,30.74486,105.01249
CA76,17,Oct,,0,2,70,Gravel_allu,30,0.5,0,0.5,Over_50,Test,30.74579,105.01138
CA54,17,Sep,,0,3,60,Gravel_allu,40,0.5,0,0.5,Over_50,Test,30.77419,105.02047
CA76,17,Jun,,0,4,80,Gravel_allu,20,0.6,0,0.6,Over_50,Test,30.74819,105.00913
CA56,17,Aug,,0,100,100,Gravel_allu,0,0,0.7,0.7,0,Test,30.7282,104.97165
CA65,17,Apr,,100,0,0,Gravel_allu,0,0,0.7,0.7,Over_50,Test,30.74437,105.01012
CA54,17,Aug,,0,5,0,Gravel_allu,100,0.8,0,0.8,Over_50,Test,30.77489,105.0163
CA68,17,Aug,,0,100,50,Gravel_allu,50,1,0,1,Over_50,Test,30.73697,104.98348
CA63,17,Oct,,0,3,0,Gravel_allu,100,1,0,1,Over_50,Test,30.77512,105.01624
CA70,17,Jul,,0,100,20,Sand,80,1,0,1,Over_50,Test,30.77256,105.01174
CA70,17,Apr,,0,4,20,Gravel_allu,80,1.2,0,1.2,Over_50,Test,30.77202,105.01497
CA68,17,May,,40,0,20,Sand,30,1.2,0,1.2,Over_50,Test,30.73815,104.98309
CA65,17,Sep,,0,100,0,Gravel_allu,100,1.3,0,1.3,Over_50,Test,30.74579,105.00833
CA70,17,Oct,,0,100,10,Sand,90,1.3,0,1.3,Over_50,Test,30.77291,105.01369
CA76,17,Oct,,0,100,0,Gravel_allu,100,1.4,0,1.4,Over_50,Test,30.74578,105.00846
CA68,17,Sep,,0,1,30,Gravel_allu,70,1.5,0,1.5,Over_50,Test,30.73543,104.98658
CA56,17,Aug,,0,1.5,30,Sand,70,1.5,0,1.5,Over_50,Test,30.72669,104.9712
CA53,17,Jun,,0,2,20,Sand,80,1.5,0,1.5,Over_50,Test,30.78237,104.98482
CA69,17,Oct,,0,2.5,60,Sand,40,1.5,0,1.5,Over_50,Test,30.77383,105.01591
CA67,17,Apr,,0,10,30,Sand,70,1.7,0,1.7,Over_50,Test,30.78835,104.98925
CA55,17,Oct,,50,0,10,Sand,40,3,0,3,Over_50,Test,30.72786,104.97173
M15,17,Jul,N,0,100,100,Sand,0,0,0.75,0.3,0,Train,,
M15,17,Jul,Y,0,100,100,Sand,0,0,0.75,0.3,0,Train,,
M15,17,Jul,Y,0,100,100,Sand,0,0,0.75,0.3,0,Train,,
M15,17,Jul,Y,0,100,100,Sand,0,0,0.75,0.3,0,Train,,
M6,17,Jun,N,0,100,40,Sand_DeadVeg,60,1,0,1,Over_50,Train,,
M6,17,Jun,Y,0,100,40,Sand_DeadVeg,60,1,0,1,Over_50,Train,,
M6,17,Jun,Y,0,100,40,Sand_DeadVeg,60,1,0,1,Over_50,Train,,
M10,17,Aug,N,0,100,60,Sand,40,1.5,0,1.5,Over_50,Train,,
M3,17,Jul,Y,0,100,100,DeadVeg,0,0,1.5,1.75,0,Train,,
M3,17,Sep,Y,0,100,100,DeadVeg,0,0,1.5,1.75,0,Train,,
M1,17,Sep,Y,0,1,20,Sand_DeadVeg,80,2,0,2,Over_50,Train,,
CA67,18,Sep,,0,3,90,Gravel_allu,10,0.2,0,0.2,0,Test,30.78865,104.98821
CA64,18,Aug,,0,1.5,70,Gravel_allu,30,0.3,0,0.3,Less_50,Test,30.7297,104.97788
CA53,18,Jul,,0,100,70,Gravel_allu,30,0.3,0,0.3,Less_50,Test,30.78237,104.98485
CA63,18,Aug,,0,100,30,Sand,70,0.3,0,0.3,Over_50,Test,30.77296,105.01466
CA68,18,Aug,,0,1,100,Gravel_allu,0,0,0.7,0.3,0,Test,30.73699,104.98708
CA74,18,Oct,,0,100,70,Gravel_allu,30,0.4,0,0.4,Less_50,Test,30.73624,104.99834
CA57,18,Aug,,0,0.6,100,Gravel_allu,0,0,0.7,0.4,0,Test,30.77667,105.03175
CA76,18,May,,0,3,80,Gravel_allu,20,0.5,0,0.5,Less_50,Test,30.74318,105.01443
CA66,18,Sep,,0,2,100,Gravel_allu,0,0,0.6,0.5,0,Test,30.73029,104.98427
CA69,18,Oct,,0,3,20,Gravel_allu,80,0.6,0,0.6,Less_50,Test,30.77273,105.01717
CA62,18,Sep,,0,100,60,Gravel_allu,40,0.6,0,0.6,Over_50,Test,30.73133,104.9892
CA66,18,Aug,,100,0,0,Gravel_allu,0,0,0.5,0.6,Over_50,Test,30.72761,104.98422
CA53,18,May,,100,0,0,Gravel_allu,0,0,0.5,0.6,Over_50,Test,30.78014,104.98585
CA65,18,Jun,,0,1,70,Gravel_allu,30,0.7,0,0.7,Over_50,Test,30.74456,105.01175
CA76,18,Jul,,0,100,30,Gravel_allu,70,0.7,0,0.7,Less_50,Test,30.74483,105.00662
CA63,18,Oct,,0,100,50,Gravel_allu,50,0.9,0,0.9,Over_50,Test,30.7734,105.01379
CA59,18,Sep,,0,0.7,20,Gravel_allu,80,1,0,1,Over_50,Test,30.77723,105.01523
CA57,18,Jul,,0,1.5,20,Gravel_allu,80,1,0,1,Over_50,Test,30.77011,105.02452
CA57,18,Jul,,0,1,0,Gravel_allu,100,1,0,1,Over_50,Test,30.77167,105.02321
CA54,18,Oct,,0,3,0,Gravel_allu,100,1,0,1,Over_50,Test,30.77228,105.01998
CA63,18,Oct,,0,3,0,Gravel_allu,100,1,0,1,Over_50,Test,30.7751,105.01625
CA53,18,Aug,,0,100,0,Gravel_allu,100,1,0,1,Over_50,Test,30.78678,104.9862
CA69,18,Jul,,0,2.5,80,Sand,20,1,0,1,Over_50,Test,30.77435,105.01742
CA62,18,May,,90,0,10,Gravel_allu,0,0,1,1,Over_50,Test,30.73275,104.98868
CA62,18,May,,90,0,10,Gravel_allu,0,0,1,1,Over_50,Test,30.73275,104.9887
CA59,18,May,,0,100,80,Gravel_allu,20,1.5,0,1.5,Less_50,Test,30.77812,105.01674
CA71,18,Aug,,0,2,0,Gravel_allu,100,1.5,0,1.5,Over_50,Test,30.72994,104.98269
CA73,18,Aug,,0,3,70,Sand,30,1.5,0,1.5,Over_50,Test,30.73218,104.9856
CA65,18,May,,0,100,10,Gravel_allu,90,1.7,0,1.7,Over_50,Test,30.74284,105.01177
CA53,18,Sep,,0,2,0,Gravel_allu,100,2,0,2,Over_50,Test,30.78057,104.98602
M11,18,Aug,N,0,100,90,Sand,10,0.1,0,0.1,0,Train,,
M15,18,Jul,Y,0,100,100,Sand,0,0,0.75,0.3,0,Train,,
M15,18,Jul,Y,0,100,100,Sand,0,0,0.75,0.3,0,Train,,
M15,18,Jul,Y,0,100,100,Sand,0,0,0.75,0.3,0,Train,,
M15,18,Jul,Y,0,100,100,Sand,0,0,0.75,0.3,0,Train,,
M15,18,Jul,Y,0,100,100,Sand,0,0,0.75,0.3,0,Train,,
M17,18,Oct,N,0,2,60,Gravel_allu,40,0.5,0,0.5,Less_50,Train,,
M9,18,Sep,N,0,100,60,Sand,40,1,0,1,Over_50,Train,,
M10,18,Aug,Y,0,100,60,Sand,40,1.5,0,1.5,Over_50,Train,,
CA67,19,Oct,,0,1.2,95,Gravel_allu,5,0.1,0,0.1,0,Test,30.7871,104.98859
CA63,19,Sep,,0,100,80,Gravel_allu,20,0.1,0,0.1,0,Test,30.77164,105.01144
CA52,19,Jun,,0,2,30,Gravel_allu,70,0.15,0,0.15,0,Test,30.73164,104.99052
CA76,19,May,,0,100,90,Gravel_allu,10,0.2,0,0.2,0,Test,30.74207,105.01121
CA52,19,Jul,,60,0,10,Sand,30,0.2,0,0.2,Less_50,Test,30.73061,104.99036
CA54,19,Sep,,0,1.5,80,Gravel_allu,20,0.3,0,0.3,Less_50,Test,30.77369,105.0208
CA59,19,Jun,,0,4,90,Gravel_allu,10,0.3,0,0.3,0,Test,30.77802,105.01895
CA65,19,Sep,,0,100,0,Gravel_allu,100,0.3,0,0.3,Over_50,Test,30.74494,105.00761
CA65,19,Aug,,0,0.6,100,Gravel_allu,0,0,0.6,0.3,0,Test,30.74453,105.00751
CA66,19,Jul,,0,2,100,Gravel_allu,0,0,0.6,0.3,0,Test,30.73102,104.98582
CA69,19,Sep,,100,0,0,Gravel_allu,0,0,0.7,0.3,Over_50,Test,30.77419,105.01284
CA66,19,May,,10,0,30,Gravel_allu,60,0.4,0,0.4,Over_50,Test,30.73098,104.98631
CA65,19,Apr,,20,0,10,Gravel_allu,70,0.4,0,0.4,Over_50,Test,30.74487,105.01106
CA65,19,Jun,,0,0.7,20,Gravel_allu,80,0.4,0,0.4,Over_50,Test,30.7445,105.01182
CA58,19,Jul,,0,3,80,Gravel_allu,20,0.4,0,0.4,0,Test,30.73033,104.99107
CA69,19,Oct,,0,100,70,Gravel_allu,30,0.4,0,0.4,Less_50,Test,30.77488,105.01739
CA59,19,Oct,,30,0,50,Gravel_allu,20,0.5,0,0.5,Less_50,Test,30.77703,105.01743
CA52,19,Aug,,40,0,30,Gravel_allu,30,0.5,0,0.5,Over_50,Test,30.73369,104.99121
CA68,19,Jul,,40,0,10,Gravel_allu,50,0.5,0,0.5,Less_50,Test,30.73934,104.98653
CA69,19,Sep,,0,1.5,20,Gravel_allu,80,0.5,0,0.5,Over_50,Test,30.77616,105.0172
CA57,19,May,,0,15,20,Gravel_allu,80,0.5,0,0.5,Over_50,Test,30.772,105.02281
CA76,19,Jun,,0,100,70,Gravel_allu,30,0.5,0,0.5,Less_50,Test,30.742,105.0112
CA70,19,Oct,,0,100,80,Gravel_allu,20,0.5,0,0.5,Less_50,Test,30.77247,105.0152
CA70,19,Sep,,0,100,90,Gravel_allu,10,0.5,0,0.5,0,Test,30.77362,105.01508
CA69,19,Sep,,0,100,60,Gravel_allu,40,0.5,0,0.5,Less_50,Test,30.77423,105.01516
CA68,19,Jul,,10,100,20,Sand,80,0.5,0,0.5,Over_50,Test,30.74484,105.00663
CA73,19,Jul,,40,0,60,Gravel_allu,0,0,0.6,0.5,Over_50,Test,30.73184,104.98475
CA62,19,Aug,,40,0,10,Gravel_allu,50,0.6,0,0.6,Over_50,Test,30.73299,104.98881
CA67,19,Aug,,0,20,70,Gravel_allu,30,0.6,0,0.6,Over_50,Test,30.78882,104.9895
CA54,19,Jun,,0,100,20,Sand,80,0.6,0,0.6,Over_50,Test,30.77346,105.02698
CA67,19,Apr,,90,0,0,Gravel_allu,10,0.7,0,0.7,0,Test,30.78553,104.98884
CA63,19,Sep,,0,2,70,Gravel_allu,30,0.8,0,0.8,Over_50,Test,30.77589,105.01707
CA68,19,May,,0,5,70,Gravel_allu,30,0.8,0,0.8,0,Test,30.73965,104.98585
CA76,19,Aug,,0,100,90,Gravel_allu,10,0.8,0,0.8,0,Test,30.74155,105.01222
CA53,19,Jun,,0,2,20,Gravel_allu,80,1,0,1,Over_50,Test,30.78446,104.98559
CA59,19,Jul,,0,7,80,Gravel_allu,20,1,0,1,Less_50,Test,30.7759,105.01694
CA63,19,Oct,,0,100,50,Gravel_allu,50,1,0,1,Over_50,Test,30.77582,105.01691
CA68,19,Jun,,0,100,70,Sand,30,1,0,1,Over_50,Test,30.7363,104.98339
CA64,19,Aug,,0,2,0,Gravel_allu,100,1.4,0,1.4,Over_50,Test,30.72509,104.98362
CA76,19,Jun,,0,15,60,Gravel_allu,40,1.5,0,1.5,Over_50,Test,30.74158,105.00934
CA70,19,Sep,,0,100,0,Gravel_allu,100,1.5,0,1.5,Over_50,Test,30.77347,105.01461
CA57,19,Aug,,0,15,50,Gravel_allu,50,2,0,2,Over_50,Test,30.77007,105.02431
CA71,19,Sep,,0,10,20,Sand,80,2,0,2,Over_50,Test,30.7319,104.98568
M11,19,Sep,Y,0,100,90,Sand,10,0.1,0,0.1,0,Train,,
M16,19,Oct,N,0,15,90,Gravel_allu,10,0.25,0,0.25,0,Train,,
M15,19,Aug,Y,0,100,100,Sand,0,0,0.75,0.3,0,Train,,
M15,19,Aug,Y,0,100,100,Sand,0,0,0.75,0.3,0,Train,,
M15,19,Aug,Y,0,100,100,Sand,0,0,0.75,0.3,0,Train,,
M12,19,Jun,N,0,100,100,Sand,0,0,0.5,0.5,0,Train,,
M9,19,Sep,N,0,100,60,Sand,40,1,0,1,Over_50,Train,,
M4,19,Apr,N,0,0.6,100,Sand,0,0,1.5,1.25,0,Train,,
M10,19,Sep,N,0,100,60,Sand,40,1.5,0,1.5,Over_50,Train,,
M10,19,Sep,Y,0,100,60,Sand,40,1.5,0,1.5,Over_50,Train,,
M3,19,Jul,N,0,100,100,DeadVeg,0,0,1.5,1.75,0,Train,,
M3,19,Jul,Y,0,100,100,DeadVeg,0,0,1.5,1.75,0,Train,,
CA72,20,Aug,,0,100,95,Gravel_allu,5,0.1,0,0.1,0,Test,30.7338,104.99127
CA64,20,Jun,,0,100,95,Gravel_allu,5,0.1,0,0.1,0,Test,30.72912,104.97778
CA63,20,Aug,,0,100,80,Gravel_allu,20,0.2,0,0.2,0,Test,30.77127,105.01134
CA58,20,Aug,,0,100,95,Gravel_allu,5,0.2,0,0.2,0,Test,30.72907,104.99231
CA62,20,Aug,,0,100,90,Gravel_allu,10,0.2,0,0.2,Less_50,Test,30.73255,104.98935
CA68,20,May,,0,2.5,100,Gravel_allu,0,0,0.5,0.2,0,Test,30.73929,104.98537
CA57,20,Jul,,20,0,80,Gravel_allu,0,0,0.6,0.2,0,Test,30.76977,105.02154
CA63,20,Jul,,0,1,50,Gravel_allu,50,0.3,0,0.3,Over_50,Test,30.77302,105.01304
CA52,20,May,,0,3,90,Gravel_allu,10,0.3,0,0.3,Less_50,Test,30.73144,104.99007
CA64,20,Jun,,0,10,80,Gravel_allu,20,0.3,0,0.3,0,Test,30.72909,104.98046
CA66,20,Aug,,0,100,0,Gravel_allu,100,0.3,0,0.3,Over_50,Test,30.72796,104.98492
CA72,20,Aug,,100,0,0,Gravel_allu,0,0,0.5,0.3,Over_50,Test,30.73315,104.98915
CA66,20,Jun,,0,0.5,100,Gravel_allu,0,0,0.6,0.3,0,Test,30.73028,104.98376
CA53,20,Jun,,0,100,70,Gravel_allu,30,0.4,0,0.4,Less_50,Test,30.78444,104.98465
CA57,20,Aug,,10,0,20,Gravel_allu,70,0.5,0,0.5,Over_50,Test,30.77827,105.03577
CA61,20,May,,0,0.7,50,Gravel_allu,50,0.5,0,0.5,Over_50,Test,30.73026,104.9908
CA64,20,Jun,,0,2,90,Gravel_allu,10,0.5,0,0.5,0,Test,30.729,104.97805
CA52,20,Jul,,0,100,80,Gravel_allu,20,0.5,0,0.5,Less_50,Test,30.73506,104.99435
CA57,20,Jun,,50,0,30,Sand,20,0.5,0,0.5,Over_50,Test,30.77084,105.02055
CA52,20,Aug,,0,3,90,Sand,10,0.5,0,0.5,Over_50,Test,30.73317,104.99212
CA55,20,Sep,,0,5,90,Sand,10,0.5,0,0.5,Less_50,Test,30.72788,104.97176
CA56,20,Jul,,0,100,70,Sand,30,0.5,0,0.5,0,Test,30.72816,104.97239
CA65,20,Sep,,0,100,40,Gravel_allu,60,0.6,0,0.6,0,Test,30.74412,105.01294
CA64,20,May,,0,2,100,Gravel_allu,0,0,0.8,0.6,0,Test,30.72949,104.97817
CA61,20,Jun,,0,20,60,Sand,40,0.7,0,0.7,Less_50,Test,30.73041,104.98885
CA58,20,May,,0,20,20,Sand,80,0.7,0,0.7,Over_50,Test,30.73058,104.98983
CA65,20,May,,0,0.8,60,Gravel_allu,40,0.8,0,0.8,Over_50,Test,30.74457,105.01191
CA58,20,May,,0,1.5,20,Gravel_allu,80,0.8,0,0.8,Less_50,Test,30.7305,104.99062
CA70,20,Sep,,0,1.5,90,Gravel_allu,10,0.8,0,0.8,Over_50,Test,30.76936,105.00763
CA57,20,May,,0,2,70,Gravel_allu,30,0.8,0,0.8,Less_50,Test,30.77007,105.02192
CA71,20,Jul,,0,2,20,Sand,80,0.8,0,0.8,Over_50,Test,30.73099,104.98969
CA71,20,Aug,,0,1,70,Gravel_allu,30,0.9,0,0.9,Over_50,Test,30.73009,104.98944
CA58,20,Aug,,0,1,20,Gravel_allu,80,1,0,1,Over_50,Test,30.7319,104.9901
CA54,20,Jul,,0,0.7,100,Gravel_allu,0,0,0.6,1,0,Test,30.77374,105.02415
CA58,20,Aug,,0,2,20,Gravel_allu,80,1.2,0,1.2,Over_50,Test,30.73129,104.9892
CA69,20,Sep,,0,100,60,Gravel_allu,40,1.2,0,1.2,Over_50,Test,30.7735,105.01609
CA62,20,Aug,,0,100,20,Gravel_allu,80,1.4,0,1.4,Over_50,Test,30.73238,104.9894
CA72,20,Aug,,0,100,20,Gravel_allu,80,1.4,0,1.4,Over_50,Test,30.73238,104.9894
CA56,20,May,,0,2,30,Sand,70,1.5,0,1.5,Over_50,Test,30.72821,104.97262
CA61,20,Jun,,0,3.5,90,Sand,10,1.5,0,1.5,Over_50,Test,30.73009,104.98898
CA68,20,Jul,,0,5,80,Sand,20,1.5,0,1.5,Over_50,Test,30.73878,104.9857
CA62,20,Jun,,0,100,10,Sand,90,1.5,0,1.5,Over_50,Test,30.73106,104.9892
M24,20,Aug,Y,5,0,90,Gravel_allu,5,0.1,0,0.1,0,Train,,
M5,20,Apr,N,0,4,60,Sand,40,0.25,0,0.25,0,Train,,
M5,20,Jul,Y,0,4,60,Sand,40,0.25,0,0.25,0,Train,,
M15,20,Jul,N,0,100,100,Sand,0,0,0.75,0.3,0,Train,,
M15,20,Jul,Y,0,100,100,Sand,0,0,0.75,0.3,0,Train,,
M8,20,Aug,N,0,100,40,Sand_DeadVeg,60,0.5,0,0.5,Over_50,Train,,
M12,20,Sep,N,0,100,100,Sand,0,0,0.5,0.5,0,Train,,
M12,20,Sep,Y,0,100,100,Sand,0,0,0.5,0.5,0,Train,,
M12,20,Sep,Y,0,100,100,Sand,0,0,0.5,0.5,0,Train,,
M12,20,Sep,Y,0,100,100,Sand,0,0,0.5,0.5,0,Train,,
M12,20,Sep,Y,0,100,100,Sand,0,0,0.5,0.5,0,Train,,
M12,20,Sep,Y,0,100,100,Sand,0,0,0.5,0.5,0,Train,,
M9,20,Sep,N,0,100,60,Sand,40,1,0,1,Over_50,Train,,
M9,20,Sep,N,0,100,60,Sand,40,1,0,1,Over_50,Train,,
M9,20,Sep,N,0,100,60,Sand,40,1,0,1,Over_50,Train,,
M6,20,Jul,N,0,100,40,Sand_DeadVeg,60,1,0,1,Over_50,Train,,
M6,20,Jul,N,0,100,40,Sand_DeadVeg,60,1,0,1,Over_50,Train,,
M3,20,Jul,Y,0,100,100,DeadVeg,0,0,1.5,1.75,0,Train,,
M3,20,Jul,Y,0,100,100,DeadVeg,0,0,1.5,1.75,0,Train,,
M3,20,Jul,Y,0,100,100,DeadVeg,0,0,1.5,1.75,0,Train,,
M3,20,Jul,Y,0,100,100,DeadVeg,0,0,1.5,1.75,0,Train,,
M3,20,Sep,Y,0,100,100,DeadVeg,0,0,1.5,1.75,0,Train,,
M1,20,Jul,Y,0,1,20,Sand_DeadVeg,80,2,0,2,Over_50,Train,,
CA71,21,Jul,,0,3,30,Sand,70,0.1,0,0.1,0,Test,30.73079,104.98914
CA68,21,Jul,,0,1.5,80,Gravel_allu,20,0.2,0,0.2,0,Test,30.73964,104.9853
CA68,21,Jun,,0,1.5,90,Gravel_allu,10,0.2,0,0.2,0,Test,30.73708,104.9836
CA57,21,Sep,,0,5,70,Gravel_allu,30,0.2,0,0.2,0,Test,30.77204,105.02331
CA52,21,May,,40,0,40,Sand,10,0.2,0,0.2,0,Test,30.73221,104.99129
CA63,21,May,,30,0,70,Gravel_allu,0,0,1,0.2,0,Test,30.77431,105.01296
CA69,21,Jul,,20,0,70,Gravel_allu,10,0.3,0,0.3,0,Test,30.77389,105.01488
CA66,21,Jun,,0,1.3,90,Gravel_allu,10,0.3,0,0.3,0,Test,30.73201,104.98592
CA70,21,Jul,,0,100,90,Gravel_allu,10,0.3,0,0.3,0,Test,30.7739,105.01489
CA70,21,May,,0,100,80,Gravel_allu,20,0.3,0,0.3,0,Test,30.77334,105.0146
CA70,21,May,,0,100,100,Gravel_allu,0,0,0.7,0.3,0,Test,30.77328,105.01463
CA66,21,Jun,,0,0.6,100,Gravel_allu,0,0,1,0.3,0,Test,30.73008,104.98395
CA73,21,Jun,,0,0.6,60,Gravel_allu,40,0.4,0,0.4,Over_50,Test,30.7319,104.98565
CA68,21,Jun,,0,5,70,Gravel_allu,30,0.4,0,0.4,0,Test,30.73691,104.98396
CA54,21,Sep,,0,100,60,Gravel_allu,40,0.4,0,0.4,Less_50,Test,30.77589,105.01758
CA76,21,May,,0,4,80,Gravel_allu,20,0.5,0,0.5,0,Test,30.74505,105.00775
CA52,21,Sep,,0,15,70,Gravel_allu,30,0.5,0,0.5,Over_50,Test,30.73482,104.9943
CA67,21,Sep,,0,2.5,80,Gravel_allu,20,0.6,0,0.6,Less_50,Test,30.78766,104.98798
CA71,21,Jun,,0,100,100,Gravel_allu,0,0,1,0.7,0,Test,30.731,104.98959
CA59,21,Sep,,0,100,100,Gravel_allu,0,0,0.75,0.75,0,Test,30.77554,105.01727
CA61,21,Jul,,0,100,100,Sand,0,0,0.7,0.8,0,Test,30.73119,104.98946
CA52,21,Sep,,0,5,100,Gravel_allu,0,0,0.75,1,0,Test,30.73395,104.99265
CA66,21,Jul,,0,100,100,Gravel_allu,0,0,0.8,1,0,Test,30.73169,104.98636
CA64,21,Jul,,0,2.5,20,Gravel_allu,80,1.2,0,1.2,Over_50,Test,30.73092,104.97916
CA67,21,Jul,,0,100,50,Gravel_allu,50,1.2,0,1.2,Over_50,Test,30.78713,104.98803
CA58,21,Jun,,0,3,90,Gravel_allu,10,1.5,0,1.5,Over_50,Test,30.73011,104.98941
CA70,21,Jul,,100,0,0,Gravel_allu,0,0,3.5,1.5,0,Test,30.77162,105.01714
CA61,21,May,,0,2.5,100,Gravel_allu,0,0,0.5,1.7,Less_50,Test,30.73104,104.98959
M18,21,Sep,Y,0,30,100,Gravel_allu,0,0,0.75,0.2,0,Train,,
M5,21,Oct,Y,0,4,60,Sand,40,0.25,0,0.25,0,Train,,
M20,21,Sep,N,0,15,100,Gravel_allu,0,0,0.75,0.3,0,Train,,
M15,21,Jul,Y,0,100,100,Sand,0,0,0.75,0.3,0,Train,,
M12,21,Aug,Y,0,100,100,Sand,0,0,0.5,0.5,0,Train,,
M12,21,Aug,Y,0,100,100,Sand,0,0,0.5,0.5,0,Train,,
M12,21,Aug,Y,0,100,100,Sand,0,0,0.5,0.5,0,Train,,
M12,21,Jul,Y,0,100,100,Sand,0,0,0.5,0.5,0,Train,,
M12,21,Sep,N,0,100,100,Sand,0,0,0.5,0.5,0,Train,,
M9,21,Sep,N,0,100,60,Sand,40,1,0,1,Over_50,Train,,
M9,21,Sep,N,0,100,60,Sand,40,1,0,1,Over_50,Train,,
M6,21,Jul,N,0,100,40,Sand_DeadVeg,60,1,0,1,Over_50,Train,,
M6,21,Jul,N,0,100,40,Sand_DeadVeg,60,1,0,1,Over_50,Train,,
M6,21,Jul,N,0,100,40,Sand_DeadVeg,60,1,0,1,Over_50,Train,,
M10,21,Jul,Y,0,100,60,Sand,40,1.5,0,1.5,Over_50,Train,,
M10,21,Oct,Y,0,100,60,Sand,40,1.5,0,1.5,Over_50,Train,,
M10,21,Sep,N,0,100,60,Sand,40,1.5,0,1.5,Over_50,Train,,
M10,21,Sep,N,0,100,60,Sand,40,1.5,0,1.5,Over_50,Train,,
M3,21,Aug,Y,0,100,100,DeadVeg,0,0,1.5,1.75,0,Train,,
M3,21,Aug,Y,0,100,100,DeadVeg,0,0,1.5,1.75,0,Train,,
M3,21,Jul,Y,0,100,100,DeadVeg,0,0,1.5,1.75,0,Train,,
M3,21,Sep,N,0,100,100,DeadVeg,0,0,1.5,1.75,0,Train,,
M3,21,Sep,N,0,100,100,DeadVeg,0,0,1.5,1.75,0,Train,,
M3,21,Sep,Y,0,100,100,DeadVeg,0,0,1.5,1.75,0,Train,,
CA58,22,Sep,,0,3,95,Gravel_allu,5,0.05,0,0.05,0,Test,30.73017,104.99021
CA70,22,Aug,,0,100,95,Gravel_allu,5,0.1,0,0.1,0,Test,30.77424,105.01532
CA63,22,Sep,,0,100,95,Gravel_allu,5,0.1,0,0.1,0,Test,30.7721,105.01228
CA58,22,May,,0,100,90,Gravel_allu,10,0.2,0,0.2,0,Test,30.72994,104.99059
CA57,22,Jun,,0,10,100,Gravel_allu,0,0,0.6,0.2,0,Test,30.77121,105.02298
CA54,22,Aug,,0,1.25,80,Gravel_allu,20,0.25,0,0.25,0,Test,30.77455,105.02017
CA71,22,Oct,,0,1,70,Gravel_allu,30,0.3,0,0.3,Less_50,Test,30.7287,104.98759
CA66,22,Jun,,0,2,80,Gravel_allu,20,0.3,0,0.3,0,Test,30.73034,104.98645
CA59,22,May,,0,2.5,90,Gravel_allu,10,0.3,0,0.3,0,Test,30.77732,105.01867
CA71,22,Jun,,0,100,90,Sand,10,0.3,0,0.3,0,Test,30.73097,104.98914
CA59,22,Jun,,0,2,100,Gravel_allu,0,0,0.5,0.3,0,Test,30.77573,105.01608
CA76,22,Jun,,0,100,100,Gravel_allu,0,0,0.7,0.3,0,Test,30.74077,105.01001
CA63,22,May,,0,100,100,Gravel_allu,0,0,0.7,0.3,0,Test,30.77509,105.01595
CA59,22,Jun,,0,3,60,Gravel_allu,40,0.4,0,0.4,0,Test,30.77752,105.01595
CA62,22,Jun,,0,3,80,Gravel_allu,20,0.4,0,0.4,Less_50,Test,30.73276,104.98927
CA58,22,Aug,,0,100,80,Gravel_allu,20,0.4,0,0.4,0,Test,30.72983,104.99059
CA69,22,Sep,,0,100,90,Gravel_allu,10,0.4,0,0.4,0,Test,30.77602,105.01563
CA71,22,Jun,,0,1,90,Gravel_allu,10,0.5,0,0.5,0,Test,30.73109,104.9898
CA58,22,Jun,,0,1,70,Gravel_allu,30,0.5,0,0.5,Over_50,Test,30.73047,104.99058
CA61,22,Jun,,0,1.5,60,Gravel_allu,40,0.5,0,0.5,Less_50,Test,30.73154,104.99073
CA69,22,May,,0,100,60,Gravel_allu,40,0.5,0,0.5,Less_50,Test,30.77432,105.01808
CA52,22,Oct,,0,100,70,Gravel_allu,30,0.5,0,0.5,Less_50,Test,30.73367,104.9915
CA67,22,Aug,,30,0,70,Gravel_allu,0,0,0.6,0.5,0,Test,30.78679,104.98804
CA52,22,Jun,,0,100,100,Gravel_allu,0,0,1,0.5,0,Test,30.72991,104.99043
CA65,22,Jun,,0,1,50,Gravel_allu,50,0.6,0,0.6,0,Test,30.74446,105.0118
CA76,22,Jul,,0,15,80,Gravel_allu,20,0.6,0,0.6,0,Test,30.74594,105.01044
CA69,22,May,,0,1,80,Gravel_allu,20,0.7,0,0.7,Less_50,Test,30.77448,105.01787
CA56,22,Sep,,0,100,0,Gravel_allu,100,0.75,0,0.75,Over_50,Test,30.72823,104.97244
CA62,22,Jun,,0,1,70,Gravel_allu,30,0.8,0,0.8,Over_50,Test,30.73279,104.9892
CA67,22,Aug,,0,100,20,Gravel_allu,80,0.8,0,0.8,Over_50,Test,30.73254,104.98935
CA62,22,Jul,,0,100,80,Gravel_allu,20,0.8,0,0.8,Over_50,Test,30.73166,104.98969
CA58,22,Jul,,0,5,100,Gravel_allu,0,0,0.7,0.8,Less_50,Test,30.73214,104.98878
CA52,22,Jun,,0,5,100,Sand,0,0,1,0.8,0,Test,30.73056,104.98984
CA69,22,Jul,,0,100,90,Gravel_allu,10,1,0,1,Less_50,Test,30.77615,105.0168
CA53,22,Jun,,0,100,80,Gravel_allu,20,1,0,1,Over_50,Test,30.78541,104.98407
CA67,22,Sep,,0,3,20,Gravel_allu,80,1.2,0,1.2,Over_50,Test,30.78359,104.98405
CA66,22,Sep,,0,2,40,Sand,60,1.3,0,1.3,Over_50,Test,30.73086,104.98614
CA73,22,Jun,,0,2,60,Sand,40,2,0,2,Over_50,Test,30.73192,104.98568
CA55,22,Sep,,0,2,100,Gravel_allu,0,0,2,3,0,Test,30.7279,104.97175
M23,22,Oct,Y,95,0,3,Sand,2,0.2,0,0.2,0,Train,,
M5,22,Apr,Y,0,4,60,Sand,40,0.25,0,0.25,0,Train,,
M5,22,Jul,Y,0,4,60,Sand,40,0.25,0,0.25,0,Train,,
M8,22,May,N,0,100,40,Sand_DeadVeg,60,0.5,0,0.5,Over_50,Train,,
M12,22,Apr,Y,0,100,100,Sand,0,0,0.5,0.5,0,Train,,
M12,22,Aug,N,0,100,100,Sand,0,0,0.5,0.5,0,Train,,
M12,22,Oct,N,0,100,100,Sand,0,0,0.5,0.5,0,Train,,
M9,22,May,N,0,100,60,Sand,40,1,0,1,Over_50,Train,,
M3,22,Aug,Y,0,100,100,DeadVeg,0,0,1.5,1.75,0,Train,,
M3,22,Sep,N,0,100,100,DeadVeg,0,0,1.5,1.75,0,Train,,
M3,22,Sep,N,0,100,100,DeadVeg,0,0,1.5,1.75,0,Train,,
M1,22,Jul,Y,0,1,20,Sand_DeadVeg,80,2,0,2,Over_50,Train,,
M1,22,Oct,N,0,1,20,Sand_DeadVeg,80,2,0,2,Over_50,Train,,
M1,22,Oct,N,0,1,20,Sand_DeadVeg,80,2,0,2,Over_50,Train,,
CA53,23,Sep,,60,0,20,Gravel_allu,20,0.05,0,0.05,0,Test,30.78099,104.98499
CA57,23,Jun,,0,100,100,Gravel_allu,0,0,0.6,0.2,0,Test,30.77061,105.02232
CA52,23,Jun,,0,10,20,Gravel_allu,80,0.25,0,0.25,Less_50,Test,30.73168,104.99075
CA52,23,Jun,,0,100,80,Gravel_allu,20,0.25,0,0.25,0,Test,30.7322,104.9912
CA67,23,Aug,,0,100,95,Gravel_allu,5,0.3,0,0.3,Less_50,Test,30.78475,104.98718
CA61,23,Jun,,0,2,100,Gravel_allu,0,0,0.5,0.3,0,Test,30.731,104.9898
CA52,23,Jun,,10,0,80,Gravel_allu,10,0.5,0,0.5,Less_50,Test,30.7335,104.99265
CA64,23,Sep,,20,0,40,Sand,40,0.5,0,0.5,Over_50,Test,30.72479,104.98145
CA55,23,Sep,,0,100,90,Sand,10,0.5,0,0.5,Less_50,Test,30.72787,104.97177
CA67,23,May,,0,2,60,Gravel_allu,40,0.6,0,0.6,Less_50,Test,30.78683,104.98841
CA62,23,Oct,,10,0,50,Gravel_allu,40,0.7,0,0.7,Over_50,Test,30.73316,104.98962
CA62,23,Aug,,0,1,30,Gravel_allu,70,0.7,0,0.7,Over_50,Test,30.73294,104.9888
CA70,23,Sep,,0,100,90,Gravel_allu,10,0.7,0,0.7,Less_50,Test,30.77232,105.01112
CA67,23,Sep,,0,100,100,Gravel_allu,0,0,0.6,0.7,0,Test,30.78819,104.98936
CA59,23,Aug,,0,100,80,Gravel_allu,20,0.8,0,0.8,Less_50,Test,30.77758,105.02046
CA67,23,Jul,,0,2,70,Gravel_allu,30,0.9,0,0.9,Less_50,Test,30.78695,104.98804
CA53,23,Jul,,0,100,0,Gravel_allu,100,1,0,1,Over_50,Test,30.78524,104.98454
CA71,23,Jun,,0,100,20,Sand,80,1.5,0,1.5,Over_50,Test,30.73073,104.9893
CA58,23,Oct,,0,100,90,Sand,10,1.5,0,1.5,Less_50,Test,30.73051,104.98978
M13,23,Sep,N,0,10,90,Sand,10,0.1,0,0.1,0,Train,,
M5,23,Jun,N,0,4,60,Sand,40,0.25,0,0.25,0,Train,,
M5,23,Jun,Y,0,4,60,Sand,40,0.25,0,0.25,0,Train,,
M5,23,Oct,N,0,4,60,Sand,40,0.25,0,0.25,0,Train,,
M2,23,Jul,Y,0,100,40,Sand_DeadVeg,60,0.25,0,0.25,0,Train,,
M2,23,Jul,Y,0,100,40,Sand_DeadVeg,60,0.25,0,0.25,0,Train,,
M20,23,May,N,0,15,100,Gravel_allu,0,0,0.75,0.3,0,Train,,
M15,23,Apr,N,0,100,100,Sand,0,0,0.75,0.3,0,Train,,
M15,23,Jul,Y,0,100,100,Sand,0,0,0.75,0.3,0,Train,,
M12,23,Sep,N,0,100,100,Sand,0,0,0.5,0.5,0,Train,,
M12,23,Sep,N,0,100,100,Sand,0,0,0.5,0.5,0,Train,,
M12,23,Sep,Y,0,100,100,Sand,0,0,0.5,0.5,0,Train,,
M12,23,Sep,Y,0,100,100,Sand,0,0,0.5,0.5,0,Train,,
M7,23,Jul,Y,0,100,10,Sand,90,1,0,1,Over_50,Train,,
M6,23,Aug,N,0,100,40,Sand_DeadVeg,60,1,0,1,Over_50,Train,,
M10,23,Jun,Y,0,100,60,Sand,40,1.5,0,1.5,Over_50,Train,,
